Company Names	Cars Names	Engines	CC/Battery Capacity	HorsePower	Total Speed	Performance(0 - 100 )KM/H	Cars Prices	Fuel Types	Seats	Torque
Jeep	Renegade 4xe	1.3L Turbo PHEV	11.4 kWh	240.0	200.0	7.5 sec	44500.0	Hybrid	5	270 Nm
Volkswagen	Golf Cabriolet	1.2L I4 Turbo / 2.0L I4 Turbo	1197 cc / 1984 cc	157.5	217.0	8.4 sec	30000.0	Petrol	4	200 Nm
Ford	F-150 Lightning	Electric Motor	Battery (98 kWh)	452.0	180.0	4.5 sec	65000.0	Electric	5	1051 Nm
Volkswagen	Up! GTI	1.0L Turbo I3	999 cc	115.0	196.0	8.8 sec	20000.0	Petrol	4	200 Nm
Volkswagen	Taigo	1.5L Turbo I4	1498 cc	122.5	183.0	10.0 sec	24000.0	Petrol	5	200 Nm
Mitsubishi	Endeavor	3.8L V6	3,800 cc	225.0	190.0	9.5 sec	31500.0	Petrol	5	343 Nm
Porsche	911 Dakar Limited Edition	3.0L Twin-Turbo Flat-6	2981 cc	473.0	240.0	3.4 sec	222000.0	Petrol	4	570 Nm
Kia	Stinger GT-Line	2.5L Turbocharged 4-Cylinder	2500 cc	300.0	270.0	5.0 sec	50000.0	Petrol	5	422 Nm
Kia	Sorento Hybrid SX Prestige	1.6L Hybrid Turbocharged 4-Cylinder	1591 cc	227.0	200.0	7.9 sec	47000.0	Hybrid	7	352 Nm
Mitsubishi	Grandis	2.4L MIVEC	2,400 cc	165.0	190.0	11.0 sec	27500.0	Petrol	7	217 Nm
Volkswagen	Up!	Electric	32.3 kWh	82.0	160.0	13.0 sec	15000.0	Petrol	4	95 Nm
Acura	RDX Technology	I4 Turbocharged	1,500 cc (I4)	272.0	210.0	6.6 sec	45000.0	Petrol	5	400 Nm
AUDI	A4	I4	1,984 cc	248.0	240.0	6.5 sec	39000.0	Petrol	5	400 Nm
Jeep	Gladiator	3.6L V6 Pentastar Gasoline	3600 cc	285.0	177.0	8.1 sec	38775.0	Petrol	5	353 Nm
Porsche	Panamera 4 E-Hybrid	2.9L Twin-Turbo V6 + Electric Motor	2894 cc	462.0	280.0	4.4	113300.0	Hybrid	4	700 Nm
Cadillac	XT5 Sport	3.6L V6 Gasoline	3600 cc	310.0	210.0	6.5 sec	51095.0	Petrol	5	366 Nm
Mazda	Xedos 9	3.0L V6	3,000 cc	200.0	220.0	7.5 sec	32500.0	Petrol	5	260 Nm
Mazda	Spiano	660cc Inline-3	660 cc	54.0	130.0	16.0 sec	9000.0	Petrol	4	80 Nm
Chevrolet	Tahoe RST	5.3L V8 Gasoline	5300 cc	355.0	180.0	7.4 sec	64100.0	Petrol	7	519 Nm
TOYOTA	HILUX GR SPORT	2.8L,TURBO,DIESEL	2,755 cc	224.0	170.0	10.0 sec	50000.0	Petrol/Diesel	5	500 Nm
Mazda	CX-80	3.0L Inline-6	3,000 cc	250.0	210.0	7.5 sec	47500.0	Petrol	7	400 Nm
TOYOTA	C-HR	I4	1,986 cc	144.0	200.0	10.2 sec	24400.0	Petrol/Hybrid	5	250 Nm
Acura	ILX Special Edition	Inline-4	2,400 cc	201.0	200.0	6.6 sec	30000.0	Petrol	5	180 Nm
TOYOTA	HILUX REVO ROCCO	2.8L,TURBO,DIESEL	2,755 cc	204.0	175.0	10.0 sec	50000.0	Diesel	5	500 Nm
Chevrolet	Traverse Premier	3.6L V6 Gasoline	3600 cc	310.0	210.0	7.0 sec	46600.0	Petrol	7	360 Nm
Mitsubishi	Eclipse Cross	1.5L Turbo	1,500 cc	152.0	180.0	9.8 sec	26500.0	Petrol	5	250 Nm
Peugeot	208 GTI	Inline-4	1,598 cc	208.0	230.0	6.5 sec	28000.0	Petrol	5	300 Nm
Kia	Niro EX	1.6L 4-Cylinder Hybrid	1591 cc	139.0	180.0	10.5 sec	30000.0	Hybrid	5	265 Nm
GMC	Yukon Denali Performance	6.2L V8 engine	6,162 cc	420.0	210.0	6.0 sec	76805.0	Petrol	8	624 Nm
ROLLS ROYCE	CULLINAN SUV	V12	6,749 cc	563.0	250.0	5.2 sec	320000.0	Petrol	5	850 Nm
NISSAN	PATHFINDER	V6	3,498 cc	284.0	225.0	6.5 sec	35000.0	Petrol	7	351 Nm
Porsche	911 Turbo Exclusive Series	3.8L Twin-Turbo Flat-6	3745 cc	607.0	330.0	2.9 sec	258000.0	Petrol	4	750 Nm
Volkswagen	ID. Buzz	Electric	77 kWh	204.0	145.0	10.2 sec	59995.0	Electric	7	310 Nm
LAMBORGHINI	AVENTADOR ROADSTER	V12	6,498 cc	700.0	350.0	3.0 sec	445000.0	Petrol	2	690 Nm
Ford	F-550 Super Duty	Turbocharged V8 Diesel	6,700 cc	475.0	165.0	8.8 sec	64540.0	Diesel	26	1,424 Nm
Kia	Forte FE	2.0L 4-Cylinder	1999 cc	147.0	190.0	9.2 sec	18500.0	Petrol	5	179 Nm
Mazda	CX-30	2.5L SkyActiv-G	2,500 cc	186.0	204.0	8.7 sec	25500.0	Petrol	5	252 Nm
BMW	120i M SPORT	I4	1,998 cc	178.0	230.0	7.1 sec	39000.0	Petrol	5	300 Nm
Mazda	Mazda3 Hatchback	2.5L SkyActiv-G	2,500 cc	186.0	210.0	8.3 sec	26000.0	Petrol	5	252 Nm
KIA	SPORTAGE EX	I4	2,480 cc	187.0	200.0	8.0 sec	30000.0	Petrol	5	250 Nm
Kia	Carnival Special Edition	3.5L V6	3500 cc	290.0	220.0	8.0 sec	45500.0	Petrol	8	355 Nm
ROLLS ROYCE 	GHOST	V12	6,592 cc	591.0	250.0	4.8 sec	332000.0	Petrol	5	850 Nm
AUDI	TT COUPE	I4	1,984 cc	248.0	250.0	5.3 sec	49000.0	Petrol	2	400 Nm
Mazda	Parkway	1.8L Inline-4	1,800 cc	115.0	160.0	12.5 sec	22500.0	Petrol	5	155 Nm
Volkswagen	Polo GTI Clubsport	2.0L I4 Turbo	1984 cc	300.0	240.0	6.7 sec	30000.0	Petrol	5	320 Nm
Ford	Flex	Naturally Aspirated V6	3,500 cc	287.0	200.0	7.9 sec	31000.0	Petrol	7	345 Nm
Porsche	911 Carrera 4	3.0L Twin-Turbo Flat-6	2981 cc	379.0	293.0	4.4 sec	113300.0	Petrol	4	450 Nm
Volkswagen	Jetta Hybrid	1.4L I4 Turbo + Electric Motor	1395 cc	170.0	210.0	8.6 sec	28000.0	Hybrid	5	250 Nm
HYUNDAI	Elantra	2.0L Inline-4	2,000 cc	147.0	210.0	8.3 sec	19950.0	Petrol/Hybrid	5	250 Nm
Kia	Niro SX Hybrid	1.6L Hybrid Turbocharged 4-Cylinder	1591 cc	139.0	180.0	10.5 sec	36000.0	Hybrid	5	265 Nm
Volkswagen	Polo GTI R5	1.6L Turbocharged Rally Engine	1598 cc	272.0	200.0	4.1 sec	45000.0	Petrol	5	400 Nm
HONDA	CIVIC	I4	1,996 cc	158.0	200.0	8.5 sec	20400.0	Petrol	5	400 Nm
TOYOTA	COROLLA HATCHBACK XSE	2.0L,INLINE-4	1,987 cc	169.0	190.0	8.2 sec	25390.0	Petrol	5	250 Nm
Chevrolet	Corvette Stingray	6.2L V8 Gasoline	6200 cc	495.0	312.0	3.0 sec	65895.0	Petrol	2	637 Nm
Jeep	Compass	2.0L Turbo Gasoline	2000 cc	200.0	200.0	7.8 sec	31590.0	Petrol	5	320 Nm
GMC	Hummer EV SUV	Dual-Motor Electric	212 kWh	625.0	170.0	3.5 sec	105600.0	Electric	5	1000+ Nm
Mazda	B-Series Pickup	2.5L Diesel	2,500 cc	143.0	170.0	11.5 sec	22500.0	Diesel	5	330 Nm
TOYOTA	GR YARIS	1.6L,TURBOCHARGED INLINE-3	1,618 cc	268.0	230.0	5.5 sec	45000.0	Petrol	4	390 Nm
Mazda	Eunos 500	2.0L Inline-4	1,998 cc	135.0	200.0	9.0 sec	26500.0	Petrol	5	170 Nm
Porsche	911 Carrera 4S	3.0L Twin-Turbo Flat-6	2981 cc	443.0	306.0	3.4	113300.0	Petrol	4	528 Nm
ROLLS ROYCE	WRAITH BLACK BADGE	V12	6,592 cc	624.0	250.0	4.3 sec	360000.0	Petrol	4	870 Nm
MERCEDES	BENZ GLC 350 	I4	1,991 cc	255.0	250.0	6.1 sec	46000.0	Petrol	5	500 Nm
ASTON MARTIN	VALHALLA	V8	3,996 cc	1000.0	362.0	2.5 sec	1100000.0	Hybrid	2	1000 Nm
HYUNDAI	Accent	1.6L Inline-4	1,600 cc	120.0	180.0	9.8 sec	15000.0	Petrol	5	151 Nm
TOYOTA	4RUNNER 	V6	3,956 cc	270.0	200.0	7.5 sec	37400.0	Petrol	5	400 Nm
Volkswagen	Polo Beats	1.0L I3 Turbo	999 cc	95.0	187.0	9.5 sec	22000.0	Petrol	5	175 Nm
GMC	Sierra 2500HD Denali	6.6L V8 Diesel	6600 cc	401.0	175.0	7.5 sec	72200.0	Diesel	6	1234 Nm
Porsche	718 Cayman GT4 RS	4.0L Naturally Aspirated Flat-6	3996 cc	493.0	315.0	3.2	141700.0	Petrol	2	450 Nm
ROLLS ROYCE	DAWN CONVERTIBLE	V12	6,592 cc	624.0	250.0	4.9 sec	380000.0	Petrol	4	870 Nm
MERCEDES	BENZ E-CLASS E 450 	V6	2,996 cc	362.0	250.0	5.2 sec	62000.0	Petrol	5	500 Nm
Volkswagen	Golf Electric	Electric	35.8 kWh	136.0	140.0	10.4 sec	33000.0	Electric	5	290 Nm
MERCEDES	BENZ GLE 63 S	V8	3,982 cc	603.0	250.0	4.2 sec	113000.0	Petrol	5	850 Nm
Acura	TLX 3.5L V6	V6	3,500 cc	290.0	250.0	5.7 sec	50000.0	Petrol	5	362 Nm
Bugatti	Mistral	8.0L Quad-Turbo W16	7993 cc	1600.0	420.0	2.4 sec	5000000.0	Petrol	2	1600 Nm
Chevrolet	Colorado	2.7L Turbo Inline-4 Gasoline	2700 cc	310.0	190.0	6.8 sec	30695.0	Petrol	5	583 Nm
Chevrolet	Bolt EUV	Single Electric Motor	66 kWh	200.0	150.0	7.0 sec	28795.0	Electric	5	360 Nm
Peugeot	508 SW (Station Wagon)	Inline-4	1,598 cc	180.0	220.0	8.4 sec	35000.0	Petrol	5	300 Nm
Porsche	Taycan Base	Dual Electric Motors	79.2 kWh	321.0	230.0	5.4	86700.0	Electric	4	345 Nm
Volkswagen	Crafter	2.0L Turbo Diesel I4	1968 cc	139.5	160.0	13.0 sec	40000.0	Diesel	3	410 Nm
BMW	Mclaren 720s	V8	3,994 cc	710.0	341.0	2.9 sec	499000.0	Petrol	2	770 Nm
Peugeot	508	Inline-4	1,998 cc	180.0	235.0	8.0 sec	35500.0	Petrol	5	300 Nm
BMW	X3 M COMPETITION	I6	2,993 cc	503.0	285.0	4.1 sec	69000.0	Petrol	5	650 Nm
MERCEDES	BENZ EQS 53	ELECTRIC MOTOR		751.0	250.0	3.4 sec	102000.0	Electric	5	950 Nm
Volkswagen	ID.5	Electric	77 kWh	236.5	180.0	8.4 sec	45000.0	Electric	5	310 Nm
Porsche	Panamera Platinum Edition	2.9L Twin-Turbo V6	2894 cc	325.0	265.0	5.6	98300.0	Petrol	4	450 Nm
Porsche	911 GT3 Touring	4.0L Naturally Aspirated Flat-6	3996 cc	502.0	318.0	3.9 sec	170000.0	Petrol	2	470 Nm
Mitsubishi	Triton Athlete	2.4L Diesel Turbo	2,400 cc	181.0	177.0	10.5 sec	31000.0	Diesel	5	430 Nm
Volkswagen	Amarok	3.0L V6 Turbo Diesel	2967 cc	210.5	180.0	7.9 sec	40000.0	Diesel	5	550 Nm
HYUNDAI	Azera	3.3L V6	3,300 cc	278.0	240.0	6.5 sec	55000.0	Petrol	5	250 Nm
Jaguar Land Rover	Jaguar I-PACE EV400 HSE	Electric (Dual Motor)	90 kWh (Battery)	400.0	200.0	4.5 sec	85000.0	Electric	5	696 Nm
Mazda	1200	1.2L Inline-4	1,200 cc	60.0	130.0	16.0 sec	11000.0	Petrol	4	90 Nm
Chevrolet	Equinox	1.5L Turbo Inline-4 Gasoline	1500 cc	170.0	200.0	8.9 sec	26600.0	Petrol	5	275 Nm
Cadillac	CT5-V	3.0L Twin-Turbo V6 Gasoline	3000 cc	360.0	250.0	4.6 sec	50995.0	Petrol	5	550 Nm
Mitsubishi	Delica Van	2.0L Diesel / 2.2L Diesel	2,000 - 2,200 cc	145.0	175.0	11.5 sec	32500.0	Diesel	7	360 Nm
Kia	EV6 First Edition	Electric Motor	77.4 kWh	320.0	230.0	5.0 sec	58000.0	Electric	5	450 Nm
ROLLS ROYCE	GHOST MYSORE	V12	6,749 cc	563.0	250.0	4.9 sec	375000.0	Petrol	5	900 Nm
Porsche	Panamera 4 Sport Turismo	2.9L Twin-Turbo V6	2894 cc	325.0	265.0	5.5	101400.0	Petrol	4	450 Nm
HYUNDAI	SANTA FE	1.6L PETROL + PLUG IN HYBRID SYSTEM	1,600 cc	253.0	180.0	9.3 sec	50000.0	Petrol/Hybrid	7	420 Nm
Volkswagen	Passat Alltrack TDI	2.0L Diesel I4	1968 cc	190.0	220.0	8.0 sec	40000.0	Diesel	5	400 Nm
GMC	Canyon Denali Black Edition	3.6L V6 engine	3,564 cc	308.0	180.0	6.9 sec	44000.0	Petrol	5	373 Nm
FERRARI	F8 TRIBUTO	V8	3,900 cc	710.0	340.0	2.9 sec	280000.0	Petrol	2	770 Nm
Volkswagen	Caddy Maxi	2.0L Diesel I4	1968 cc	136.0	180.0	12.0 sec	25000.0	Diesel	7	250 Nm
HONDA	CR-V	I4	1,498 cc	190.0	186.0	8.2 sec	30000.0	Petrol/Hybrid	5	400 Nm
GMC	Yukon XL Elevation	5.3L V8 engine	5,327 cc	355.0	210.0	7.4 sec	75000.0	Petrol	8	519 Nm
MERCEDES	BENZ CLA 45 AMG	I4	1991 cc	382.0	250.0	4.1 sec	53000.0	Petrol	5	500 Nm
Cadillac	Lyriq EV Premium	Dual Electric Motors	100 kWh	500.0	210.0	4.5 sec	64990.0	Electric	5	620 Nm
Ford	Fusion (Mondeo)	1.5L EcoBoost / 2.0L Hybrid	1,500 - 2,000 cc	205.0	220.0	7.5 sec	32500.0	Petrol/Hybrid	5	200 - 400 Nm
Mitsubishi	L200 Barbarian X	2.4L Diesel Turbo	2,400 cc	181.0	177.0	10.5 sec	32500.0	Diesel	5	430 Nm
TOYOTA	FORTUNER GR SPORT	2.8L,TURBO,DIESEL	2,755 cc	204.0	175.0	10.5 sec	55000.0	Diesel/Petrol	7	500 Nm
Volkswagen	Up! Cabriolet	1.0L I3 Turbo	999 cc	98.5	160.0	12.4 sec	18000.0	Petrol	4	95 Nm
TOYOTA	HIGHLANDER HYBRID	V6	3,456 cc	240.0	220.0	8.2 sec	40400.0	Hybrid	7	350 Nm
Jaguar Land Rover	Jaguar XF Portfolio AWD	I4 Petrol / V6 Petrol	1999 cc (I4) / 2995 cc (V6)	340.0	250.0	5.4 sec	60000.0	Petrol	5	450 Nm
Chevrolet	Silverado 1500 High Country	5.3L V8 Gasoline	5300 cc	355.0	180.0	7.0 sec	61595.0	Petrol	6	519 Nm
Jeep	Grand Cherokee L	3.6L V6 Pentastar Gasoline	3600 cc	293.0	209.0	7.2 sec	43530.0	Petrol	7	352 Nm
MAHINDRA	THAR	2.0L,4-CYLINDER,INLINE-4(I4)	1,997 cc	150.0	180.0	10.5 sec	20400.0	Petrol/Diesel	4	320 Nm
Mitsubishi	Triton (L200)	2.4L Diesel Turbo	2,400 cc	181.0	177.0	10.5 sec	30000.0	Diesel	5	430 Nm
Peugeot	508 PSE	Hybrid I4	1,598 cc (petrol) + Electric Motor	360.0	250.0	5.2 sec	60000.0	Hybrid	5	520 Nm
Peugeot	301 Sedan	Inline-4	1,199 cc	82.0	180.0	12.0 sec	20000.0	Petrol	5	115 Nm
KIA	SPORTAGE LX	I4	2,480 cc	187.0	200.0	8.0 sec	27000.0	Petrol	5	250 Nm
Mazda	Capella	1.6L Inline-4	1,600 cc	110.0	175.0	11.2 sec	16000.0	Petrol	5	145 Nm
Porsche	Taycan Cross Turismo 4	Dual Electric Motors	93.4 kWh	375.0	240.0	5.1 sec	94800.0	Electric	4	500 Nm
Mazda	Mazda3	2.0L SkyActiv-G	2,000 cc	155.0	200.0	8.9 sec	24000.0	Petrol	5	213 Nm
Cadillac	XT6	3.6L V6 Gasoline	3600 cc	310.0	210.0	6.9 sec	48595.0	Petrol	7	366 Nm
Volkswagen	Passat Variant	1.5L I4 Turbo / 2.0L Diesel	1498 cc / 1968 cc	195.0	220.0	8.5 sec	30000.0	Petrol	5	280 Nm
Cadillac	Escalade V	6.2L Supercharged V8 Gasoline	6200 cc	682.0	200.0	4.4 sec	149990.0	Petrol	7	885 Nm
BENTLEY	Continental GT Azure	V8	3,996 cc	550.0	318.0	4.0 sec	311000.0	Petrol	4	900 Nm
BMW	118D	I4	1,995 cc	150.0	216.0	8.4 sec	34000.0	Diesel	5	380 Nm
Bugatti	Chiron Noire	8.0L Quad-Turbo W16	7993 cc	1500.0	420.0	2.5 sec	3300000.0	Petrol	2	1600 Nm
Mazda	Astina	1.8L Inline-4	1,800 cc	140.0	190.0	8.5 sec	22000.0	Petrol	5	160 Nm
Volkswagen	Golf GTE	Plug-in Hybrid (1.4L I4 Turbo)	1395 cc + Electric Motor	204.0	222.0	7.6 sec	40000.0	Hybrid	5	350 Nm
Chevrolet	Bolt EV	Single Electric Motor	66 kWh	200.0	150.0	6.5 sec	27495.0	Electric	5	360 Nm
Porsche	911 Carrera S Cabriolet	3.0L Twin-Turbo Flat-6	2981 cc	443.0	304.0	3.9 sec	129900.0	Petrol	4	530 Nm
Peugeot	Boxer L2H2	Inline-4	2,200 cc	130.0	140.0	14.0 sec	35000.0	Diesel	3	350 Nm
Mitsubishi	Outlander SE	2.5L 4-Cylinder	2,500 cc	181.0	190.0	9.5 sec	30500.0	Petrol	7	245 Nm
Volkswagen	Jetta SportWagen	1.4L I4 Turbo / 2.0L Diesel I4	1395 cc / 1968 cc	148.5	200.0	8.5 sec	27000.0	Petrol	5	250 Nm
GMC	Canyon Denali	2.7L Turbo 4-cylinder	2700 cc	310.0	190.0	7.5 sec	48000.0	Petrol	5	583 Nm
Mazda	121	1.3L Inline-4	1,300 cc	70.0	155.0	13.0 sec	13500.0	Petrol	5	110 Nm
GMC	Sierra 3500HD	6.6L V8 Diesel	6600 cc	445.0	175.0	7.4 sec	49000.0	Diesel	6	1234 Nm
Ford	Expedition King Ranch	Turbocharged V6	3,500 cc	440.0	210.0	6.8 sec	79560.0	Petrol	78	691 Nm
Chevrolet	Blazer RS	3.6L V6 Gasoline	3600 cc	308.0	220.0	6.6 sec	48900.0	Petrol	5	366 Nm
Jaguar Land Rover	Jaguar F-PACE P400e Plug-in Hybrid	I4 Petrol + Electric Motor	1999 cc (I4) + Electric	398.0	220.0	5.1 sec	75000.0	Plug-in Hybrid	5	640 Nm
Jaguar Land Rover	Jaguar XF Sportbrake	I4 Petrol / V6 Petrol	1999 cc (I4) / 2995 cc (V6)	250.0	250.0	6.5 sec	60000.0	Petrol	5	400 Nm
Chevrolet	Corvette	6.2L V8 Gasoline	6200 cc	495.0	312.0	3.0 sec	65895.0	Petrol	2	637 Nm
Ford	Mustang Shelby GT500	Supercharged V8	5,200 cc	760.0	290.0	3.5 sec	79420.0	Petrol	2	847 Nm
MARUTI SUZUKI	SWIFT	1.2L,4-CYLINDER,INLINE-4(I4)	1,197 cc	83.0	160.0	12.2 sec	10400.0	Petrol	5	113 Nm
Porsche	Taycan Turbo	Dual Electric Motors	93.4 kWh	670.0	260.0	3.2	150900.0	Electric	4	850 Nm
Acura	ILX Premium	I4	2,400 cc (I4)	201.0	200.0	6.6 sec	30000.0	Petrol	5	180 Nm
TOYOTA	LAND CRUISER PRADO	V6	3,956 cc	282.0	200.0	7.2 sec	49400.0	Petrol/Diesel	7	450 Nm
MERCEDES	BENZ S-CLASS S 580	V8	3,982 cc	496.0	250.0	4.4 sec	116000.0	Petrol	5	700 Nm
BMW	M550i XDRIVE	V8	4,395 cc	523.0	250.0	3.6 sec	78000.0	Petrol	5	650 Nm
Volkswagen	Golf Alltrack	2.0L Turbo Diesel I4	1968 cc	173.5	210.0	7.1 sec	35000.0	Petrol	5	350 Nm
Porsche	911 Carrera GTS Lightweight	3.0L Twin-Turbo Flat-6	2981 cc	473.0	311.0	3.2 sec	145300.0	Petrol	4	570 Nm
Volkswagen	Golf TCR	2.0L I4 Turbo	1984 cc	290.0	250.0	5.6 sec	40000.0	Petrol	5	370 Nm
Chevrolet	Camaro	2.0L Turbo Inline-4 Gasoline	2000 cc	275.0	240.0	5.4 sec	26400.0	Petrol	4	400 Nm
Chevrolet	Sonic	1.4L Turbo Inline-4 Gasoline	1400 cc	138.0	190.0	8.5 sec	16720.0	Petrol	5	200 Nm
LAMBORGHINI	AVENTADOR SVJ	V12	6,498 cc	759.0	350.0	2.8 sec	518000.0	Petrol	2	720 Nm
Mitsubishi	Outlander Black Edition	2.5L 4-Cylinder	2,500 cc	181.0	190.0	9.5 sec	33500.0	Petrol	7	245 Nm
AUDI	Q5	I4	1,984 cc	248.0	240.0	6.3 sec	43000.0	Petrol	5	500 Nm
Chevrolet	Tahoe RST	5.3L V8 Gasoline	5300 cc	355.0	180.0	7.4 sec	64100.0	Petrol	7	519 Nm
Volkswagen	Corrado	2.9L VR6	2861 cc	190.0	235.0	6.4 sec	25000.0	Petrol	4	245 Nm
GMC	Yukon Denali Ultimate Black	6.2L V8 engine	6,162 cc	420.0	210.0	6.0 sec	90000.0	Petrol	8	624 Nm
Chevrolet	Silverado Custom	4.3L V6 Gasoline	4300 cc	285.0	180.0	8.5 sec	33900.0	Petrol	6	413 Nm
Peugeot	5008 Allure Premium	Inline-4	1,499 cc	130.0	190.0	10.2 sec	35000.0	Petrol	7	240 Nm
FERRARI	SF90 STRADALE	V8	3990 cc	963.0	340.0	2.5 sec	1100000.0	plug in hyrbrid	2	800 Nm
Tata Motors	Punch	1.2L Revotron Petrol	1199 cc	86.0	160.0	16 sec	10500.0	Petrol	5	113 Nm
Volkswagen	Karmann Ghia	1.2L I4 Gas	1192 cc	47.0	138.0	23.0 sec	25000.0	Petrol	2	106 Nm
Mazda	T1500	1.5L Inline-4	1,500 cc	75.0	120.0	18.0 sec	16500.0	Petrol	2	105 Nm
Chevrolet	Equinox RS	1.5L Turbo Inline-4 Gasoline	1500 cc	170.0	200.0	8.8 sec	31900.0	Petrol	5	275 Nm
Porsche	911 Carrera 4	3.0L Twin-Turbo Flat-6	2981 cc	379.0	293.0	4.2	106500.0	Petrol	4	450 Nm
Ford	Fiesta	1.0L EcoBoost / 1.5L	1,000 - 1,500 cc	142.5	200.0	7.0 sec	20000.0	Petrol	5	130 - 290 Nm
Mazda	929	3.0L V6	3,000 cc	205.0	220.0	8.0 sec	27500.0	Petrol	5	270 Nm
Mazda	RX-7	1.3L Rotary Twin-Turbo	1,300 cc	276.0	250.0	5.5 sec	40000.0	Petrol	4	314 Nm
BMW	114D SPORT LINE	I3	1,496 cc	95.0	185.0	12.2 sec	28000.0	Diesel	5	270 Nm
AUDI	RS6 AVANT	V8	3,993 cc	591.0	305.0	3.6 sec	109000.0	Petrol	5	800 Nm
Kia	EV6 Light	Electric Motor	77.4 kWh	225.0	190.0	5.2 sec	46000.0	Electric	5	350 Nm
Mazda	Millenia S	2.5L V6	2,500 cc	200.0	220.0	8.0 sec	32500.0	Petrol	5	250 Nm
Ford	KA+	1.2L Petrol	1,200 cc	77.5	165.0	10.5 sec	13500.0	Petrol	5	100 - 140 Nm
Mitsubishi	Grand Lancer	1.8L MIVEC	1,800 cc	138.0	190.0	11.5 sec	22500.0	Petrol	5	173 Nm
MERCEDES	BENZ E-CLASS E 350	I4	1,991 cc	255.0	250.0	5.7 sec	49000.0	Petrol	5	500 Nm
Mazda	Verisa	1.5L Inline-4	1,500 cc	113.0	170.0	11.0 sec	16000.0	Petrol	5	140 Nm
KIA	SPORTAGE NIGHTFALL EDITION	I4	2,480 cc	187.0	200.0	8.0 sec	33000.0	Petrol	5	350 Nm
Volkswagen	Sharan Business	2.0L Diesel I4	1968 cc	167.0	200.0	8.3 sec	35000.0	Diesel	7	350 Nm
Volkswagen	Polo	1.0L Turbo I3 / 1.6L Diesel	999 cc / 1598 cc	140.0	190.0	9.5 sec	18000.0	Petrol	5	175 Nm
Mitsubishi	i (Kei Car)	0.7L 3-Cylinder	660 cc	64.0	130.0	15.5 sec	13500.0	Petrol	4	94 Nm
ROLLS ROYCE	PHANTOM EXTENDED	V12	6,749 cc	563.0	250.0	5.3 sec	500000.0	Petrol	5	900 Nm
Volkswagen	Golf R	2.0L Turbo I4	1984 cc	315.0	250.0	4.6 sec	44640.0	Petrol	5	420 Nm
AUDI	S3 SEDAN	I4	1,984 cc	306.0	250.0	4.8 sec	52000.0	Petrol	5	400 Nm
Volkswagen	Polo BlueMotion	1.2L Diesel I3	1199 cc	85.0	190.0	10.5 sec	22000.0	Diesel	5	250 Nm
GMC	Yukon XL Denali Ultimate	6.2L V8 Gasoline	6200 cc	420.0	200.0	6.7 sec	93800.0	Petrol	8	624 Nm
Volkswagen	Transporter	2.0L I4 Turbo Diesel	1968 cc	153.0	180.0	12.2 sec	35000.0	Diesel	9	340 Nm
BMW	M340i XDRIVE	I6	2,998 cc	382.0	250.0	4.1 sec	57000.0	Petrol	5	500 Nm
Kia	Carnival SX Prestige	3.5L V6	3500 cc	290.0	220.0	8.0 sec	47000.0	Petrol	8	355 Nm
Kia	Telluride EX	3.8L V6	3778 cc	291.0	240.0	7.0 sec	44000.0	Petrol	7	355 Nm
Bugatti	Divo	8.0L Quad-Turbo W16	7993 cc	1500.0	380.0	2.4 sec	5800000.0	Petrol	2	1600 Nm
AUDI	A6	V6	2,995 cc	335.0	250.0	5.7 sec	58000.0	Petrol	5	600 Nm
Porsche	911 GT2 RS	3.8L Twin-Turbo Flat-6	3745 cc	700.0	340.0	2.8 sec	293200.0	Petrol	2	750 Nm
BMW	118i M SPORT	I3	1,499 cc	136.0	213.0	8.5 sec	37000.0	Petrol	5	250 Nm
NISSAN	ROGUE	I4	2,488 cc	201.0	200.0	7.5 sec	28000.0	Petrol	5	270 Nm
GMC	Acadia	2.0L Turbo 4-cylinder	2000 cc	228.0	200.0	7.8 sec	36800.0	Petrol	7	350 Nm
KIA	SPORTAGE 2024(X-PRO PRESTIGE)	I4	2,480 cc	187.0	200.0	8.1 sec	38000.0	Petrol	5	400 Nm
Cadillac	CT4	2.0L Turbo Inline-4 Gasoline	2000 cc	237.0	250.0	6.0 sec	34395.0	Petrol	5	350 Nm
Kia	Carnival LXS	3.5L V6	3500 cc	290.0	220.0	8.0 sec	39500.0	Petrol	8	355 Nm
Ford	Taurus	3.5L V6 / 2.0L EcoBoost	2,000 - 3,500 cc	282.5	220.0	6.5 sec	37500.0	Petrol	5	300 - 500 Nm
BMW	118i SHADOW LINE	I3	1,499 cc	136.0	213.0	8.5 sec	36000.0	Petrol	5	250 Nm
Cadillac	Lyriq Launch Edition	Single Electric Motor	100 kWh	340.0	190.0	5.7 sec	59990.0	Electric	5	440 Nm
AUDI	E-TRON SPORTBACK	ELECTRIC	95 kwh	402.0	200.0	5.5 sec	78000.0	Electric	5	664 Nm
BMW	118i URBAN LINE	I3	1,499 cc	136.0	213.0	8.5 sec	35000.0	Petrol	5	250 Nm
ASTON MARTIN	VANTAGE F1	V8	3,982 cc	656.0	314.0	3.6 sec	193440.0	Petrol	2	685 Nm
Kia	Sorento SX Prestige	2.5L Hybrid Turbocharged 4-Cylinder	1591 cc	227.0	200.0	7.9 sec	48000.0	Hybrid	7	352 Nm
Cadillac	Escalade Platinum	6.2L V8 Gasoline	6200 cc	420.0	210.0	6.8 sec	104595.0	Petrol	7	624 Nm
Kia	Rio S	1.6L 4-Cylinder	1591 cc	120.0	180.0	10.3 sec	17500.0	Petrol	5	151 Nm
ROLLS ROYCE	CULLINAN BLACK BADGE	V12	6,749 cc	563.0	250.0	5.1 sec	350000.0	Petrol	5	850 Nm
Volvo	Volvo VNR	12.8L I6 Turbo Diesel	12800 cc	400.0	110.0	17.0 sec	95000.0	Diesel	2	1800 Nm
Ford	Ranger (2024)	I4 Turbo Diesel	2,000 cc	210.0	180.0	8.0 sec	40000.0	Diesel	5	500 Nm
TOYOTA	ALPHARD EXECUTIVE LOUNGE	2.5L,INLINE-4,HYBRID,OR 3.5L,V6	HYBRID(2,494 cc),V6(3,456 cc)	296.0	180.0	8.5 sec	60000.0	Petrol	7	400 Nm
BMW	430i COUPE	I4	1,998 cc	255.0	250.0	5.8 sec	48000.0	Petrol	4	400 Nm
Peugeot	2008 GT	Inline-4	1,199 cc	130.0	200.0	9.3 sec	25000.0	Petrol	5	230 Nm
TOYOTA	TUNDRA I-FORCE MAX	3.5L,V6,HYBRID TWIN-TURBO	3,445 cc	437.0	180.0	6.2 sec	56000.0	Hybrid	5	750 Nm
HONDA	CITY	I4	1,497 cc	119.0	180.0	10.2 sec	15400.0	Petrol/Hybrid	5	145 Nm
TOYOTA	YARIS	I4	1,496 cc	106.0	180.0	11.2 sec	18400.0	Petrol	5	150 Nm
Kia	Soul GT Designer Edition	2.0L 4-Cylinder	1999 cc	147.0	190.0	9.5 sec	23000.0	Petrol	5	179 Nm
AUDI	Q7	V6	2,995 cc	335.0	250.0	6.3 sec	60000.0	Petrol	7	600 Nm
Mazda	787B (Race Car)	2.6L Wankel Rotary Engine	2,620 cc	700.0	320.0	3.5 sec	6000000.0	Petrol	1	500 Nm
Porsche	911 Dakar Sport	3.0L Twin-Turbo Flat-6	2981 cc	473.0	240.0	3.5 sec	233000.0	Petrol	4	570 Nm
Kia	Telluride LX	3.8L V6	3778 cc	291.0	240.0	7.0 sec	41500.0	Petrol	7	355 Nm
Porsche	Cayenne Platinum Edition	3.0L Turbocharged V6	2995 cc	335.0	245.0	5.8	79000.0	Petrol	5	450 Nm
KIA	SPORTAGE 2024(TOP TRIM)	I4	1,998 cc	240.0	210.0	6.7 sec	38000.0	Petrol	5	400 Nm
ASTON MARTIN	VICTOR	V12	5,204 cc	836.0	320.0	2.8 sec	1300000.0	Petrol	2	821 Nm
GMC	Yukon Trailering Edition	5.3L V8 engine	5,327 cc	355.0	210.0	7.5 sec	78000.0	Petrol	8	519 Nm
ROLLS ROYCE	CULLINAN BLACK BADGE SUV	V12	6,749 cc	563.0	250.0	5.1 sec	381000.0	Petrol	5	850 Nm
GMC	Sierra 1500 Denali Ultimate	6.2L V8 engine	6,162 cc	420.0	200.0	5.8 sec	80000.0	Petrol	5	624 Nm
LAMBORGHINI	AVENTADOR SVJ ROADSTER	V12	6,498 cc	759.0	350.0	2.9 sec	573000.0	Petrol	2	720 Nm
Porsche	911 Targa 4 Lightweight	3.0L Twin-Turbo Flat-6	2981 cc	379.0	289.0	4.3 sec	135500.0	Petrol	4	450 Nm
Jaguar Land Rover	Jaguar F-Type V8 R	V8 Petrol	5000 cc (V8)	550.0	300.0	3.9 sec	100000.0	Petrol	2	680 Nm
GMC	Yukon XL	6.2L V8 Gasoline	6200 cc	420.0	200.0	6.9 sec	61100.0	Petrol	8	624 Nm
Mazda	Eunos Cosmo	2.0L Twin-Rotor Turbo	2,000 cc	280.0	240.0	6.0 sec	45000.0	Petrol	4	300 Nm
Porsche	Taycan Sport Turismo Base	Dual Electric Motors	79.2 kWh	375.0	230.0	5.4 sec	90500.0	Electric	4	500 Nm
NISSAN	Z PROTO	V6	2,998 cc	400.0	290.0	4.1 sec	40000.0	Petrol	2	475 Nm
Jaguar Land Rover	Jaguar F-PACE S AWD	I4 Petrol / V6 Petrol	1999 cc (I4) / 2995 cc (V6)	340.0	250.0	5.4 sec	65000.0	Petrol	5	480 Nm
Jeep	Wrangler	3.6L V6 Pentastar Gasoline	3600 cc	285.0	180.0	6.8 sec	35195.0	Petrol	4	353 Nm
Peugeot	508 Saloon	Inline-4	1,598 cc	180.0	210.0	8.6 sec	37000.0	Petrol	5	300 Nm
Mazda	Proceed Marvie	2.6L Inline-4	2,600 cc	120.0	160.0	12.0 sec	22500.0	Petrol	5	200 Nm
Ford	Transit Electric (E-Transit)	Electric Motor	89 kWh (Electric)	266.0	140.0	9.0 sec	52000.0	Electric	212	430 Nm
Mazda	Premacy	2.0L Inline-4	2,000 cc	138.0	190.0	9.8 sec	21000.0	Petrol	7	180 Nm
Volkswagen	T-Cross R-Line	1.0L I3 Turbo / 1.5L I4 Turbo	999 cc / 1498 cc	132.5	200.0	8.5 sec	27000.0	Petrol	5	250 Nm
LAMBORGHINI	AVENTADOR S	V12	6,498 cc	740.0	350.0	2.9 sec	421000.0	Petrol	2	690 Nm
Porsche	911 Turbo	3.8L Twin-Turbo Flat-6	3745 cc	572.0	320.0	2.7	197200.0	Petrol	4	750 Nm
Chevrolet	Silverado 1500	5.3L V8 Gasoline	5300 cc	355.0	180.0	7.0 sec	42795.0	Petrol	6	519 Nm
Mazda	CX-7	2.3L Turbocharged	2,300 cc	244.0	210.0	7.9 sec	30500.0	Petrol	5	350 Nm
Mazda	MX-5 Superlight Concept	1.8L Inline-4	1,798 cc	143.0	200.0	7.5 sec	32500.0	Petrol	2	160 Nm
Mazda	323F	1.6L Inline-4	1,600 cc	105.0	180.0	10.5 sec	16000.0	Petrol	5	145 Nm
HYUNDAI	Ioniq	1.6L Inline-4	1,600 cc	139.0	160.0	8.5 sec	18000.0	Hybrid/Electric	5	295 Nm
Mazda	MX-5 Miata RF	2.0L SkyActiv-G	2,000 cc	181.0	225.0	6.5 sec	36500.0	Petrol	2	205 Nm
Mitsubishi	RVR SE	2.0L MIVEC	2,000 cc	148.0	190.0	10.5 sec	24000.0	Petrol	5	197 Nm
Volvo	Volvo VNL	12.8L I6 Turbo Diesel	12800 cc	500.0	120.0	15.0 sec	125000.0	Diesel	2	2400 Nm
Porsche	911 Turbo S Coupe	3.8L Twin-Turbo Flat-6	3745 cc	640.0	330.0	2.7 sec	207000.0	Petrol	4	800 Nm
Porsche	718 Cayman	2.0L Turbocharged Flat-4	1988 cc	300.0	275.0	4.9	63400.0	Petrol	2	380 Nm
Chevrolet	Silverado 3500HD	6.6L V8 Diesel	6600 cc	445.0	160.0	8.5 sec	45500.0	Diesel	6	1234 Nm
Jeep	Wrangler Rubicon	2.0L Turbo I4 Gasoline	2000 cc	270.0	180.0	7.1 sec	42100.0	Petrol	4	400 Nm
TOYOTA	TOYOTA 86	BOXER-4	1,998 cc	205.0	226.0	6.4 sec	27000.0	Petrol	2+2	205 Nm
Mazda	Familia Astina	1.8L Inline-4	1,800 cc	135.0	200.0	8.5 sec	21000.0	Petrol	5	170 Nm
Cadillac	XT4 Sport	2.0L Turbo Inline-4 Gasoline	2000 cc	235.0	220.0	7.4 sec	41390.0	Petrol	5	350 Nm
GMC	Hummer EV Pickup	Dual-Motor Electric	212 kWh	625.0	170.0	3.0 sec	108700.0	Electric	5	1000+ Nm
Tata Motors	Aria	2.2L Dicor Diesel	2179 cc	138.0	162.0	13 sec	19000.0	Diesel	7	320 Nm
Volkswagen	Beetle Final Edition	2.0L I4 Turbo	1984 cc	174.0	205.0	7.0 sec	25000.0	Petrol	4	250 Nm
MERCEDES	BENZ S-CLASS S 500	V6	2,996 cc	429.0	250.0	4.9 sec	109000.0	Petrol	5	700 Nm
LAMBORGHINI	AVENTADOR SVJ XAGO	V12	6,498 cc	759.0	350.0	2.9 sec	603000.0	Petrol	2	720 Nm
Tata Motors	Tiago EV	Permanent Magnet Synchronous	24 kWh	74.0	120.0	5.7 sec	11000.0	Electric	5	114 Nm
Volkswagen	Tiguan	2.0L Turbo I4	1984 cc	190.0	209.0	8.5 sec	28505.0	Petrol, Hybrid	7	300 Nm
Nissan	NV1500	4.0L V6	3954 cc	261.0	160.0	9.5 sec	33000.0	Petrol	12	385 Nm
Volkswagen	Passat Hybrid	1.4L I4 Turbo + Electric Motor	1395 cc	215.0	210.0	7.4 sec	32000.0	Hybrid	5	330 Nm
Volkswagen	Arteon R-Line	2.0L I4 Turbo	1984 cc	235.0	250.0	5.6 sec	50000.0	Petrol	5	420 Nm
GMC	Sierra 1500 SLT	5.3L V8 engine	5,327 cc	355.0	180.0	6.8 sec	56000.0	Petrol	5	519 Nm
Volkswagen	Touareg	3.0L V6 Turbo Diesel / 4.0L V8	2967 cc / 3956 cc	365.5	235.0	5.9 sec	55000.0	Petrol, Diesel	5	600 Nm
FERRARI	ROMA	V8	3,900 cc	612.0	320.0	3.4 sec	230000.0	Petrol	2+2	760 Nm
HONDA	CIVIC TYPE R	I4	1,996 cc	315.0	272.0	5.7 sec	44000.0	Petrol	5	400 Nm
Volkswagen	Golf Variant TDI	2.0L Diesel I4	1968 cc	167.0	220.0	7.8 sec	30000.0	Diesel	5	350 Nm
Cadillac	CT5 Premium Luxury	2.0L Turbo Inline-4 Gasoline	2000 cc	237.0	240.0	6.8 sec	41290.0	Petrol	5	350 Nm
Kia	Sorento X-Line	2.5L Turbocharged 4-Cylinder	2500 cc	277.0	220.0	7.0 sec	42000.0	Petrol	7	421 Nm
HYUNDAI	I20	1.4L,4-CYLINDER,INLINE-4(I4)	1,396 cc	99.0	180.0	10.5 sec	15400.0	Petrol/Hybrid	5	250 Nm
GMC	Acadia AT4	3.6L V6 Gasoline	3600 cc	310.0	210.0	7.6 sec	41400.0	Petrol	6	366 Nm
Jaguar Land Rover	Jaguar XE S	I4 Petrol	1999 cc (I4)	340.0	250.0	5.3 sec	55000.0	Petrol	5	450 Nm
Bugatti	Bolide	8.0L Quad-Turbo W16	7993 cc	1850.0	500.0	2.2 sec	4500000.0	Petrol	2	1600 Nm
Chevrolet	Blazer LT	2.5L Inline-4 Gasoline	2500 cc	193.0	200.0	9.0 sec	36100.0	Petrol	5	255 Nm
Tesla	Model 3	Single Electric Motor (RWD)	60 kWh	283.0	225.0	5.8 sec	40240.0	Electric	5	420 Nm
Tata Motors	Indica eV2	1.4L CR4 Diesel	1396 cc	70.0	155.0	16 sec	6200.0	Diesel	5	140 Nm
Ford	Escape Plug-in Hybrid (2024)	I4 Hybrid	2,500 cc (petrol) + Electric Motor	221.0	190.0	7.5 sec	38000.0	Hybrid	5	210 Nm
GMC	Acadia Denali Ultimate	3.6L V6 engine	3,564 cc	310.0	210.0	6.5 sec	60000.0	Petrol	7	366 Nm
VOLVO	S90	I6	1,969 cc	295.0	250.0	5.9 sec	60000.0	Petrol/Diesel	5	400 Nm
Kia	EV6 First Edition AWD	Electric Motor	77.4 kWh	320.0	230.0	5.0 sec	62000.0	Electric	5	450 Nm
Peugeot	508 Plug-In Hybrid	Hybrid I4 + Electric Motor	1,598 cc (petrol) + Electric Motor	225.0	210.0	7.5 sec	44000.0	Hybrid	5	360 Nm
GMC	Sierra 3500HD AT4	6.6L V8 engine	6,600 cc	401.0	170.0	7.7 sec	72000.0	Petrol	5	629 Nm
Porsche	911 Turbo Cabriolet Lightweight	3.8L Twin-Turbo Flat-6	3745 cc	572.0	318.0	3.0 sec	191300.0	Petrol	4	750 Nm
Chevrolet	Trailblazer	1.3L Turbo Inline-3 Gasoline	1300 cc	155.0	200.0	9.4 sec	23100.0	Petrol	5	236 Nm
Porsche	Taycan Cross Turismo	Dual Electric Motors	93.4 kWh	469.0	220.0	4.8	97700.0	Electric	5	500 Nm
BMW	118i SPORTLINE	I3	1,499 cc	136.0	213.0	8.5 sec	35000.0	Petrol	5	250 Nm
TOYOTA	BZ3	ELECTRIC MOTOR	65 KWH	241.0	160.0	7.5 sec	35000.0	Electric	5	340 Nm
Peugeot	2008 Allure	Inline-4	1,199 cc	130.0	200.0	9.7 sec	27000.0	Petrol	5	230 Nm
Mitsubishi	ASX Dynamic	2.0L MIVEC	2,000 cc	148.0	190.0	10.0 sec	26500.0	Petrol	5	197 Nm
Bugatti	Chiron Pur Sport	8.0L Quad-Turbo W16	7993 cc	1500.0	350.0	2.3 sec	3300000.0	Petrol	2	1600 Nm
Volkswagen	Amarok V8	4.0L V8 Turbo Diesel	3996 cc	325.0	210.0	7.4 sec	70000.0	Diesel	5	580 Nm
Porsche	Panamera 4S 	2.9L Twin-Turbo V6	2894 cc	443.0	289.0	4.1	105000.0	Petrol	4	550 Nm
ROLLS ROYCE	PHANTOM COUPE	V12	6,749 cc	563.0	250.0	5.3 sec	450000.0	Petrol	4	870 Nm
Mitsubishi	Eclipse Cross PHEV	2.4L PHEV	2,400 cc	188.0	180.0	10.5 sec	37500.0	Plug-in Hybrid	5	199 Nm
ROLLS ROYCE	GHOST AZURE	V12	6,749 cc	563.0	250.0	4.9 sec	355000.0	Petrol	5	900 Nm
Jeep	Renegade	1.3L Turbo I4 Gasoline	1300 cc	177.0	200.0	8.7 sec	28345.0	Petrol	5	285 Nm
Chevrolet	Tahoe Sport Edition	6.2L V8 Gasoline	6200 cc	420.0	200.0	6.8 sec	70000.0	Petrol	7	624 Nm
ROLLS ROYCE	WRAITH KRYPTOS	V12	6,592 cc	623.0	250.0	4.5 sec	369000.0	Petrol	4	800 Nm
Porsche	Macan EV 	Dual Electric Motors	95 kWh	603.0	240.0	4.0 sec	85000.0	Electric	5	750 Nm
MERCEDES	BENZ C-CLASS C 43	V6	2,996 cc	402.0	250.0	4.7 sec	52000.0	Petrol	5	520 Nm
Mazda	Tribute	3.0L V6	3,000 cc	200.0	190.0	9.0 sec	27000.0	Petrol	5	270 Nm
Mitsubishi	Eclipse Cross Black Edition	1.5L Turbo	1,500 cc	152.0	180.0	9.8 sec	29000.0	Petrol	5	250 Nm
GMC	Canyon AT4X Edition 1	3.6L V6 engine	3,564 cc	308.0	180.0	6.8 sec	55000.0	Petrol	5	373 Nm
Kia	Soul EX Designer Edition	2.0L 4-Cylinder	1999 cc	147.0	190.0	9.5 sec	23500.0	Petrol	5	179 Nm
FERRARI	PORTOFINO	V8	3,900 cc	592.0	320.0	3.2 sec	210000.0	Petrol	2+2	760 Nm
Porsche	718 Cayman S	2.5L Turbocharged Flat-4	2497 cc	350.0	285.0	4.4	75400.0	Petrol	2	420 Nm
Chevrolet	Corvette Grand Sport	6.2L V8 Gasoline	6200 cc	460.0	290.0	3.9 sec	65900.0	Petrol	2	630 Nm
LAMBORGHINI	SIAN	V12	6,498 cc	819.0	350.0	2.8 sec	2800000.0	Hybrid	2	720 Nm
BMW	116D ADVANTAGE	I3	1,496 cc	116.0	200.0	10.5 sec	31000.0	Diesel	5	270 Nm
Porsche	Macan GTS	2.9L Twin-Turbo V6	2894 cc	434.0	272.0	4.3	82900.0	Petrol	5	550 Nm
Peugeot	5008	Inline-4	1,998 cc	165.0	200.0	9.5 sec	35000.0	Diesel	7	400 Nm
Porsche	Cayenne S Hybrid	3.0L V6 + Electric Motor	2995 cc	380.0	242.0	6.5	85500.0	Hybrid	5	580 Nm
Mitsubishi	Outlander ES	2.5L 4-Cylinder	2,500 cc	181.0	190.0	9.5 sec	29000.0	Petrol	7	245 Nm
Mazda	Cosmo Sport (110S)	1.0L Inline-2 (Wankel)	1,000 cc	110.0	170.0	10.0 sec	32500.0	Petrol	2	150 Nm
Volvo	Volvo VHD	12.8L I6 Turbo Diesel	12800 cc	500.0	100.0	18.0 sec	120000.0	Diesel	2	2500 Nm
Jaguar Land Rover	Jaguar XJ LWB (Long Wheelbase)	V6 Petrol	2995 cc (V6)	300.0	250.0	6.0 sec	90000.0	Petrol	5	400 Nm
HYUNDAI	Palisade	3.8L V6	3,800 cc	291.0	240.0	6.3 sec	52000.0	Petrol	7	355 Nm
Volkswagen	Golf Country	1.8L I4 Gas	1781 cc	98.0	165.0	12.0 sec	25000.0	Petrol	5	170 Nm
FERRARI	PORTOFINO M	V8	3,900 cc	612.0	320.0	3.2 sec	220000.0	Petrol	2+2	760 Nm
Kia	Niro Touring	1.6L 4-Cylinder Hybrid	1591 cc	139.0	180.0	10.5 sec	33000.0	Hybrid	5	265 Nm
Volkswagen	T-Roc Cabriolet	1.0L I3 Turbo / 1.5L I4 Turbo	999 cc / 1498 cc	132.5	205.0	9.6 sec	35000.0	Petrol	4	250 Nm
Mitsubishi	Outlander LE	2.5L 4-Cylinder	2,500 cc	181.0	190.0	9.5 sec	32500.0	Petrol	7	245 Nm
HYUNDAI	I10	1.2L,4-CYLINDER,INLINE-4(I4)	1,197 cc	87.0	160.0	12.2 sec	12400.0	Petrol	5	120 Nm
KIA	SPORTAGE GT-LINE	I4	2,480 cc	187.0	200.0	8.0 sec	32000.0	Petrol	5	350 Nm
BMW	M5 CS	V8	4,395 cc	627.0	305.0	3.0 sec	142000.0	Petrol	5	750 Nm
Cadillac	CT4-V Blackwing	3.6L Twin-Turbo V6 Gasoline	3600 cc	472.0	290.0	3.9 sec	60495.0	Petrol	5	603 Nm
NISSAN	GT-R	V6	3,799 cc	600.0	315.0	2.9 sec	113000.0	Petrol	4	637 Nm
Volkswagen	Scirocco GTS	2.0L I4 Turbo	1984 cc	220.0	246.0	6.5 sec	35000.0	Petrol	4	350 Nm
Kia	Sorento X-Pro Hybrid	1.6L Hybrid Turbocharged 4-Cylinder	1591 cc	227.0	200.0	7.8 sec	49000.0	Hybrid	7	352 Nm
Mitsubishi	Colt	1.1L / 1.5L MIVEC	1,100 - 1,500 cc	112.5	180.0	9.0 - 12.0 sec	17500.0	Petrol	5	100 - 180 Nm
Volkswagen	Passat B7	1.6L Diesel / 2.0L I4 Turbo	1598 cc / 1984 cc	180.0	220.0	8.5 sec	26000.0	Petrol	5	280 Nm
Cadillac	CT5	2.0L Turbo Inline-4 Gasoline	2000 cc	237.0	240.0	6.6 sec	38195.0	Petrol	5	350 Nm
Chevrolet	Suburban LT	5.3L V8 Gasoline	5300 cc	355.0	180.0	5.1 sec	64400.0	Petrol	8	519 Nm
Ford	Mustang Shelby GT350	Naturally Aspirated V8	5,200 cc	526.0	280.0	4.0 sec	59140.0	Petrol	2	582 Nm
TOYOTA	HIGHLANDER	V6	3,456 cc	295.0	220.0	7.2 sec	38400.0	Petrol/Hybrid	7	370 Nm
Jaguar Land Rover	Jaguar XJ50	V6 Petrol	2995 cc (V6)	300.0	250.0	6.0 sec	80000.0	Petrol	5	400 Nm
MERCEDES	BENZ GLA 45	I4	1,991 cc	382.0	250.0	4.3 sec	48000.0	Petrol	5	500 Nm
Chevrolet	Tahoe High Country	6.2L V8 Gasoline	6200 cc	420.0	200.0	6.7 sec	76700.0	Petrol	7	624 Nm
ROLLS ROYCE	CULLINAN	V12	6,749 cc	563.0	250.0	5.2 sec	325000.0	Petrol	5	850 Nm
Kia	Seltos SX	1.6L Turbocharged 4-Cylinder	1591 cc	175.0	210.0	7.5 sec	28500.0	Petrol	5	264 Nm
Volkswagen	Caddy	1.5L Turbo I4	1498 cc	126.0	185.0	10.5 sec	28000.0	Petrol, Diesel	7	250 Nm
Ford	Expedition	3.5L EcoBoost / 5.4L V8	3,500 - 5,400 cc	387.5	180.0	6.5 sec	62500.0	Petrol	8	650 - 800 Nm
Porsche	Taycan Cross Turismo GTS	Dual Electric Motors	93.4 kWh	590.0	250.0	3.8 sec	139400.0	Electric	4	620 Nm
BMW	120D XDRIVE	I4	1,995 cc	190.0	230.0	6.9 sec	38000.0	Diesel	5	400 Nm
ROLLS ROYCE	GHOST COUPE	V12	6,592 cc	591.0	250.0	4.8 sec	340000.0	Petrol	4	850 Nm
Mitsubishi	Mirage ES	1.2L MIVEC	1,200 cc	78.0	170.0	12.5 sec	16000.0	Petrol	5	100 Nm
Porsche	911 GT3 RS Clubsport	4.0L Naturally Aspirated Flat-6	3996 cc	525.0	296.0	3.2 sec	223800.0	Petrol	2	465 Nm
KIA	SPORTAGE 2024(S TRIM)	I4	2,480 cc	187.0	200.0	8.2 sec	28000.0	Petrol	5	250 Nm
Volkswagen	Passat	2.0L Turbo I4	1984 cc	215.0	210.0	7.8 sec	25000.0	Petrol	5	250 Nm
TOYOTA	MIRAI	HYDROGEN FUEL CELL,ELECTRIC MOTOR	1.24 kwh	152.0	180.0	9.0 sec	49500.0	Hydrogen	5	335 Nm
Tesla	Model 3 Performance	Dual Electric Motors (AWD)	82 kWh	450.0	261.0	3.1 sec	53240.0	Electric	5	660 Nm
Chevrolet	Blazer Premier	3.6L V6 Gasoline	3600 cc	308.0	220.0	6.6 sec	45000.0	Petrol	5	366 Nm
ROLLS ROYCE	PHANTOM CELESTIAL	V12	6,749 cc	563.0	250.0	5.3 sec	515000.0	Petrol	5	900 Nm
Ford	Mustang	5.0L V8	5,000 cc	450.0	250.0	4.3 sec	55000.0	Petrol	4	530 Nm
Jeep	Jeep Cherokee X Edition	3.2L V6 Pentastar Gasoline	3200 cc	271.0	195.0	7.6 sec	41295.0	Petrol	5	324 Nm
Chevrolet	Tahoe LS	5.3L V8 Gasoline	5300 cc	355.0	180.0	7.5 sec	56995.0	Petrol	8	519 Nm
Peugeot	308 Saloon	Inline-4	1,199 cc	130.0	200.0	9.0 sec	28000.0	Petrol	5	230 Nm
AUDI	S7 SPORTBACK	V8	3,993 cc	563.0	305.0	4.3 sec	96000.0	Petrol	5	650 Nm
ROLLS ROYCE	CULLINAN FUX ORANGE	V12	6,749 cc	563.0	250.0	5.1 sec	401000.0	Petrol	5	850 Nm
Cadillac	Escalade ESV	6.2L V8 Gasoline	6200 cc	420.0	205.0	6.9 sec	82295.0	Petrol	7	624 Nm
Mitsubishi	Lancer SE Limited	2.0L MIVEC	2,000 cc	148.0	200.0	10.0 sec	22500.0	Petrol	5	197 Nm
LAMBORGHINI	URUS S	V8	3,996 cc	671.0	305.0	3.3 sec	263000.0	Petrol	5	850 Nm
Bugatti	Centodieci	8.0L Quad-Turbo W16	7993 cc	1600.0	380.0	2.4 sec	9000000.0	Petrol	2	1600 Nm
Mazda	CX-5	2.5L SkyActiv-G	2,500 cc	187.0	200.0	8.8 sec	29000.0	Petrol	5	252 Nm
Volkswagen	Golf 4MOTION	2.0L Diesel I4	1968 cc	167.0	250.0	4.9 sec	40000.0	Petrol	5	400 Nm
HYUNDAI	Tiburon	2.0L Inline-4	2,000 cc	160.0	200.0	8.2 sec	19000.0	Petrol	4	320 Nm
LAMBORGHINI	AVENTADOR SV	V12	6,498 cc	740.0	350.0	2.8 sec	493000.0	Petrol	2	690 Nm
Volkswagen	Golf TDI	2.0L Diesel I4	1968 cc	167.0	220.0	8.0 sec	28000.0	Diesel	5	350 Nm
KIA  	SPORTAGE 2024(BASE FWD)	I4	2,480 cc	187.0	200.0	8.5 sec	26500.0	Petrol	5	250 Nm
BMW	M2 CS	I6	2,993 cc	444.0	280.0	4.0 sec	83000.0	Petrol	4	550 Nm
Ford	F-150 Platinum	Turbocharged V6	3,500 cc	400.0	180.0	6.5 sec	64695.0	Petrol	5	678 Nm
Jaguar Land Rover	Jaguar E-PACE	I4 Petrol	1999 cc (I4)	200.0	230.0	7.0 sec	50000.0	Petrol	5	430 Nm
Mazda	Porter	1.5L Inline-4	1,497 cc	95.0	130.0	14.0 sec	13500.0	Petrol	2	130 Nm
HYUNDAI	NEXO	Electric Motor	1.56 kwh	161.0	180.0	7.8 sec	38000.0	Hydrogen	5	400 Nm
Porsche	911 Turbo Cabriolet	3.8L Twin-Turbo Flat-6	3745 cc	572.0	320.0	2.9 sec	184100.0	Petrol	4	750 Nm
Bugatti	La Voiture Noire	8.0L Quad-Turbo W16	7993 cc	1500.0	420.0	2.5 sec	18000000.0	Petrol	2	1600 Nm
Volkswagen	Tiguan Allspace	2.0L Turbo I4	1984 cc	207.0	215.0	7.6 sec	35000.0	Petrol	7	320 Nm
Volkswagen	Scirocco 16V	1.8L I4 Gas	1781 cc	137.0	220.0	7.1 sec	35000.0	Petrol	4	230 Nm
GMC	Sierra 2500HD Pro	6.6L V8 engine	6,600 cc	401.0	170.0	7.7 sec	60000.0	Petrol	3	629 Nm
Mazda	818	1.6L Inline-4	1,600 cc	100.0	170.0	12.5 sec	16000.0	Petrol	5	130 Nm
BMW	118i	I3	1,499 cc	136.0	213.0	8.5 sec	32000.0	Petrol	5	220 Nm
AUDI	S8	V8	3,993 cc	563.0	305.0	4.3 sec	101000.0	Petrol	5	800 Nm
Peugeot	3008 Active	Inline-4	1,499 cc	130.0	200.0	10.0 sec	30000.0	Petrol	5	240 Nm
Ford	Territory	Turbocharged Inline-4	1,500 cc	140.0	180.0	11.0 sec	32000.0	Petrol	5	225 Nm
LAMBORGHINI	HURACAN  PERFORMANTE SPYDER	V10	5,204 cc	640.0	325.0	3.1 sec	308000.0	Petrol	2	600 Nm
Volkswagen	ID.3 GTX	Electric	77 kWh	299.0	180.0	6.2 sec	45000.0	Electric	5	310 Nm
Mazda	Demio	1.5L SkyActiv-G	1,500 cc	108.0	180.0	10.2 sec	15500.0	Petrol	5	142 Nm
BMW	I8 ROADSTER	ELECTRIC MOTOR	11.6 kwh	369.0	250.0	4.4 sec	165000.0	Hybrid	2	570 Nm
Cadillac	Escalade	6.2L V8 Gasoline	6200 cc	420.0	210.0	6.8 sec	79295.0	Petrol	7	624 Nm
Porsche	718 Boxster	2.0L Turbo Flat-4	1988 cc	300.0	275.0	4.9	65500.0	Petrol	2	380 Nm
Kia	Carnival EX	3.5L V6	3500 cc	290.0	220.0	8.0 sec	42500.0	Petrol	8	355 Nm
Volkswagen	Bora	1.6L I4 Gas / 1.9L I4 Diesel	1598 cc / 1896 cc	125.0	200.0	9.4 sec	20000.0	Petrol	5	220 Nm
TOYOTA	TOYOTA  GR86	BOXER-4	2,387 cc	228.0	226.0	5.6 sec	30000.0	Petrol	4	250 Nm
Ford	F-150	3.3L V6 / 5.0L V8 / 3.5L EcoBoost	3,300 - 5,000 cc	370.0	200.0	5.0 - 6.5 sec	55000.0	Petrol/Diesel	5	400 - 700 Nm
Peugeot	3008 GT Line	Inline-4	1,598 cc	180.0	210.0	8.5 sec	35000.0	Petrol	5	250 Nm
Ford	Bronco Sport	1.5L EcoBoost / 2.0L EcoBoost	1,500 - 2,000 cc	215.5	185.0	7.0 sec	32000.0	Petrol	5	250 - 375 Nm
Porsche	Panamera 4S E-Hybrid Executive	2.9L Twin-Turbo V6 + Electric Motor	2894 cc	560.0	295.0	3.7	128900.0	Hybrid	4	750 Nm
Chevrolet	Suburban	5.3L V8 Gasoline	5300 cc	355.0	190.0	7.6 sec	59900.0	Petrol	8	519 Nm
Peugeot	3008 GT Hybrid	Hybrid I4	1,598 cc (petrol) + Electric Motor	300.0	235.0	6.0 sec	45000.0	Hybrid	5	400 Nm
ASTON MARTIN	RAPIDE AMR	V12	5,935 cc	580.0	328.0	4.2 sec	240000.0	Petrol	4	630 Nm
VOLVO	XC60	I6	1,969 cc	247.0	220.0	6.4 sec	55000.0	Petrol/Diesel	5	400 Nm
TOYOTA	PROACE VERSO ELECTRIC	ELECTRIC MOTOR	75 KWH	136.0	130.0	13.5 sec	55000.0	Electric	7	280 Nm
Ford	Transit	EcoBlue Turbo Diesel	2,000 cc	170.0	160.0	12.0 sec	43455.0	Diesel	215	405 Nm
Acura	ILX Technology Plus	Inline-4	2,400 cc	201.0	200.0	6.6 sec	28000.0	Petrol	5	180 Nm
Peugeot	308	Inline-4	1,598 cc	130.0	200.0	8.0 sec	28000.0	Petrol	5	230 Nm
Mitsubishi	i-MiEV (Electric)	Electric Motor	16 kWh battery	66.0	130.0	15.0 sec	24500.0	Electric	4	196 Nm
BMW	116i	I3	1,499 cc	109.0	200.0	10.9 sec	28000.0	Petrol	5	200 Nm
Volkswagen	California	2.0L Turbo I4	1984 cc	177.0	180.0	13.0 sec	70000.0	Diesel	7	340 Nm
GMC	Canyon SLT	2.5L I4 engine	2,488 cc	200.0	175.0	8.6 sec	38000.0	Petrol	5	259 Nm
Chevrolet	Traverse LT	3.6L V6 Gasoline	3600 cc	310.0	210.0	7.1 sec	37200.0	Petrol	7	360 Nm
Mazda	626	2.0L Inline-4	2,000 cc	140.0	190.0	9.5 sec	20000.0	Petrol	5	180 Nm
TOYOTA	GR SUPRA	I4	2,998 cc	382.0	250.0	4.1 sec	53900.0	Petrol	2	500 Nm
AUDI	A8	V6	2,995 cc	335.0	250.0	5.7 sec	86000.0	Petrol	5	600 Nm
Volkswagen	Taos	1.5L I4 Turbo	1498 cc	158.0	193.0	8.4 sec	24000.0	Petrol	5	250 Nm
HYUNDAI	IONIQ 6	Electric Motor	53.6 kwh(Standard Range) / 77.4 kwh(Long Range)	320.0	185.0	5.2 sec	41450.0	Electric	5	350 Nm
Kia	EV6 AWD GT-Line	Electric Motor	77.4 kWh	320.0	230.0	5.0 sec	60000.0	Electric	5	450 Nm
Mazda	Savanna RX-7	1.3L Inline-2 (Wankel)	1,308 cc	165.0	230.0	7.5 sec	30000.0	Petrol	2	230 Nm
KIA	SPORTAGE 2024(HYBRID AWD)	I4 + ELECTRIC	1,600 cc / 1.49 kwh	227.0	180.0	8.0 sec	37000.0	Hybrid	5	350 Nm
ROLLS ROYCE	DAWN SILVER BULLET	V12	6,592 cc	563.0	250.0	4.8 sec	418000.0	Petrol	4	840 Nm
Kia	Telluride SX	3.8L V6	3778 cc	291.0	240.0	7.0 sec	50000.0	Petrol	7	355 Nm
GMC	Terrain Denali	1.5L Turbo 4-cylinder	1500 cc	175.0	190.0	9.5 sec	38600.0	Petrol	5	275 Nm
KIA	SPORTAGE SX TURBO	I4	1,998 cc	240.0	210.0	6.7 sec	36000.0	Petrol	5	400 Nm
Volkswagen	Golf Sportsvan	1.5L Turbo I4	1498 cc	140.0	210.0	8.9 sec	30000.0	Petrol	5	250 Nm
Peugeot	Expert	Diesel I4	1,997 cc	120.0	180.0	10.0 sec	30000.0	Diesel	3	300 Nm
Mitsubishi	Canter (Truck)	3.0L Diesel	3,000 cc	150.0	120.0		40000.0	Diesel	2	370 Nm
Jaguar Land Rover	Jaguar F-Type P300 Coupe	I4 Petrol	1999 cc (I4)	300.0	250.0	5.5 sec	60000.0	Petrol	2	400 Nm
Volvo	Volvo FE	7.7L I6 Turbo Diesel	7700 cc	280.0	90.0	20.0 sec	85000.0	Diesel	2	1200 Nm
Kia	Telluride Limited Edition	3.8L V6	3778 cc	291.0	240.0	7.0 sec	53000.0	Petrol	7	355 Nm
Cadillac	Lyriq EV	Single Electric Motor	100 kWh	340.0	190.0	5.7 sec	58590.0	Electric	5	440 Nm
Volkswagen	Touareg V6	3.0L V6 Turbo Diesel / Gasoline	2967 cc	285.5	235.0	7.5 sec	60000.0	Petrol	5	450 Nm
LAMBORGHINI	HURACAN EVO	V10	5,204 cc	640.0	325.0	2.9 sec	261000.0	Petrol	2	600 Nm
Mazda	Mazda6	2.5L Turbocharged	2,500 cc	250.0	240.0	6.4 sec	31000.0	Petrol	5	420 Nm
BMW	125i	I4	1,998 cc	224.0	240.0	6.1 sec	42000.0	Petrol	5	400 Nm
Acura	MDX Elite	V6	3,500 cc	290.0	190.0	6.0 sec	58000.0	Petrol	7	362 Nm
BMW	120i XDRIVE	I4	1,998 cc	178.0	230.0	7.2 sec	40000.0	Petrol	5	300 Nm
FERRARI	ROMA SPIDER	V8	3,900 cc	612.0	320.0	3.4 sec	240000.0	Petrol	2+2	760 Nm
Jeep	Grand Cherokee Summit Reserve	5.7L V8 Gasoline	5700 cc	357.0	190.0	7.3 sec	66575.0	Petrol	5	529 Nm
LAMBORGHINI	HURACAN SPYDER	V10	5,204 cc	610.0	325.0	3.4 sec	287000.0	Petrol	2	600 Nm
Mazda	T2000	2.0L Inline-4	2,000 cc	110.0	170.0	12.5 sec	19000.0	Petrol	2	160 Nm
Ford	Transit Chassis Cab	EcoBlue Turbo Diesel	2,000 cc	170.0	160.0	11.5 sec	37000.0	Diesel	2	405 Nm
Cadillac	XT5	3.6L V6 Gasoline	3600 cc	310.0	210.0	6.5 sec	44195.0	Petrol	5	366 Nm
Volvo	Volvo FM	12.8L I6 Turbo Diesel	12800 cc	460.0	110.0	16.0 sec	100000.0	Diesel	2	2200 Nm
Volvo	Volvo FL	5.1L I4 Turbo Diesel	5100 cc	180.0	80.0	22.0 sec	75000.0	Diesel	2	800 Nm
Tata Motors	Sumo Gold	3.0L CR4 Diesel	2956 cc	85.0	125.0	17.6 sec	15000.0	Diesel	7	250 Nm
Volkswagen	Sharan	2.0L Turbo I4	1984 cc	185.0	200.0	9.3 sec	33000.0	Petrol, Diesel	7	280 Nm
Jaguar Land Rover	Jaguar F-Type Coupe R	V8 Petrol	5000 cc (V8)	550.0	300.0	3.9 sec	100000.0	Petrol	2	680 Nm
Kia	Sorento Hybrid EX	1.6L Hybrid Turbocharged 4-Cylinder	1591 cc	227.0	200.0	7.9 sec	47000.0	Hybrid	7	352 Nm
MAHINDRA	XUV500	2.2L,4-CYLINDER,INLINE-4(I4)	2,179 cc	155.0	180.0	10.5 sec	18400.0	Diesel	7	400 Nm
NISSAN	MAXIMA	V6	3,498 cc	300.0	240.0	5.8 sec	35000.0	Petrol	5	354 Nm
Mitsubishi	Colt CZC Convertible	1.5L Turbocharged	1,500 cc	147.0	200.0	9.5 sec	27500.0	Petrol	4	210 Nm
Porsche	Taycan Turbo S Cross Turismo	Dual Electric Motors	93.4 kWh	750.0	260.0	2.9 sec	190000.0	Electric	4	1050 Nm
Mazda	Bongo Van	2.0L Inline-4	2,000 cc	100.0	160.0	14.0 sec	20000.0	Petrol/Diesel	3	140 Nm
Volkswagen	ID. Buzz Cargo Pro	Electric	77 kWh	204.0	145.0	10.2 sec	55000.0	Electric	2	310 Nm
MARUTI SUZUKI	DZIRE	1.2L,4-CYLINDER,INLINE-4(I4)	1,197 cc	83.0	160.0	12.2 sec	11400.0	Petrol/Diesel	5	113 Nm
ASTON MARTIN	DBX	V8	3,996 cc	542.0	291.0	4.5 sec	189000.0	Petrol	5	700 Nm
Kia	Stinger GT	3.3L Turbocharged V6	3300 cc	365.0	270.0	4.7 sec	51500.0	Petrol	5	510 Nm
Mazda	Capella Cargo	2.0L Inline-4	2,000 cc	115.0	180.0	12.0 sec	20000.0	Petrol	4	160 Nm
Volkswagen	Up! e-up!	Electric	32.3 kWh	83.0	130.0	11.9 sec	23000.0	Electric	4	210 Nm
Tata Motors	Indigo eCS	1.4L CR4 Diesel	1396 cc	70.0	155.0	16.5 sec	6500.0	Diesel	5	140 Nm
Mazda	Sentia Hardtop Coupe	2.5L V6	2,500 cc	160.0	210.0	8.0 sec	32500.0	Petrol	4	220 Nm
Mitsubishi	Outlander	2.5L 4-Cylinder	2,500 cc	181.0	190.0	9.5 sec	31500.0	Petrol	7	245 Nm
Mazda	BT-50	3.2L Turbo Diesel	3,200 cc	200.0	180.0	10.0 sec	31000.0	Diesel	5	470 Nm
Acura	TLX PMC Edition	V6	3,500 cc (V6)	290.0	250.0	5.7 sec	62000.0	Petrol	5	362 Nm
KIA	SPORTAGE 2024(SX TURBO AWD)	I4	1,998 cc	240.0	210.0	6.5 sec	40000.0	Petrol/AWD	5	400 Nm
Mitsubishi	Pajero	3.2L Diesel Turbo	3,200 cc	189.0	180.0	10.5 sec	42500.0	Diesel	7	441 Nm
Mitsubishi	Outlander SEL	2.5L 4-Cylinder	2,500 cc	181.0	190.0	9.5 sec	32500.0	Petrol	7	245 Nm
Jeep	Grand Wagoneer	6.4L V8 Gasoline	6400 cc	471.0	190.0	6.0 sec	91495.0	Petrol	8	617 Nm
Mazda	Premacy Hydrogen RE Hybrid	1.3L Wankel + Electric	1,308 cc	200.0	180.0	9.5 sec	42500.0	Hybrid	5	260 Nm
Ford	F-450 Super Duty	Turbocharged V8 Diesel	6,700 cc	475.0	165.0	8.5 sec	61625.0	Diesel	26	1,424 Nm
Chevrolet	Tahoe LT	5.3L V8 Gasoline	5300 cc	355.0	180.0	7.4 sec	62495.0	Petrol	8	519 Nm
Mazda	Biante	2.0L Inline-4	2,000 cc	150.0	185.0	10.0 sec	24000.0	Petrol	7	200 Nm
Kia	Rio 5-Door S	1.6L 4-Cylinder	1591 cc	120.0	180.0	10.3 sec	18000.0	Petrol	5	151 Nm
BMW	116D EFFICIENTDYNAMICS	I3	1,496 cc	116.0	200.0	10.9 sec	30000.0	Diesel	5	270 Nm
Ford	Explorer Hybrid	3.3L V6 + Electric	3,300 cc	318.0	180.0	7.5 sec	52500.0	Hybrid	7	500 Nm
BMW	116D	I3	1,496 cc	116.0	200.0	10.3 sec	30000.0	Diesel	5	280 Nm
Volvo	Volvo FMX	13.0L I6 Turbo Diesel	13000 cc	500.0	110.0	16.5 sec	110000.0	Diesel	2	2500 Nm
Jaguar Land Rover	Jaguar XF R-Dynamic	I4 Petrol / V6 Petrol	1999 cc (I4) / 2995 cc (V6)	340.0	250.0	5.4 sec	65000.0	Petrol	5	480 Nm
Peugeot	3008	Inline-4	1,598 cc	180.0	210.0	7.5 sec	32000.0	Petrol	5	400 Nm
ROLLS ROYCE	WRAITH EAGLE VIII	V12	6,592 cc	623.0	250.0	4.5 sec	349000.0	Petrol	4	800 Nm
MAHINDRA	SCORPIO	2.2L,4-CYLINDER,INLINE-4(I4)	2,179 cc	140.0	160.0	11.2 sec	16400.0	Diesel	7	280 Nm
Mitsubishi	Chariot	2.0L MIVEC	2,000 cc	140.0	185.0	10.5 sec	21500.0	Petrol	7	170 Nm
BMW	X5 M COMPETITION	V8	4,935 cc	523.0	285.0	4.1 sec	114000.0	Petrol	5	750 Nm
Porsche	Cayenne Turbo GT	4.0L Twin-Turbo V8	3996 cc	631.0	300.0	3.3	182150.0	Petrol	4	850 Nm
Porsche	Cayenne E-Hybrid	3.0L V6 + Electric Motor	2995 cc	455.0	253.0	4.8	91000.0	Hybrid	5	700 Nm
Acura	MDX Sport Hybrid	V6 Hybrid	3,500 cc	321.0	190.0	6.0 sec	52000.0	Hybrid	7	335 Nm
GMC	Terrain	1.5L Turbo 4-cylinder	1500 cc	175.0	190.0	9.5 sec	29900.0	Petrol	5	275 Nm
Peugeot	Expert Electric	Electric Motor	-	136.0	130.0	9.5 sec	45000.0	Electric	5	260 Nm
Peugeot	508 Hybrid4	Hybrid I4 + Electric Motor	1,598 cc (petrol) + Electric Motor	300.0	235.0	6.0 sec	47000.0	Hybrid	5	520 Nm
ROLLS ROYCE	WRAITH LUMINARY	V12	6,592 cc	623.0	250.0	4.5 sec	389000.0	Petrol	4	800 Nm
LAMBORGHINI	URUS PERFORMANTE	V8	3,996 cc	641.0	305.0	3.3 sec	242000.0	Petrol	5	850 Nm
BMW	M135i XDRIVE	I4	1,998 cc	302.0	250.0	4.8 sec	30000.0	Petrol	5	450 Nm
Porsche	Panamera Base	2.9L Twin-Turbo V6	2894 cc	325.0	265.0	5.6	92300.0	Petrol	4	450 Nm
Mazda	Scrum	660cc Inline-3	660 cc	63.0	130.0	15.0 sec	10000.0	Petrol	4	85 Nm
TOYOTA	AVALON	V6	3,456 cc	301.0	220.0	6.9 sec	41400.0	Petrol	5	400 Nm
Kia	Forte GT-Line	1.6L Turbocharged 4-Cylinder	1591 cc	201.0	200.0	6.5 sec	25000.0	Petrol	5	264 Nm
Ford	Mustang (2024)	V8 Gasoline Engine	5,000 cc	450.0	250.0	4.5 sec	60000.0	Petrol	4	570 Nm
Mazda	Titan (Truck)	3.0L Inline-4	3,000 cc	130.0	120.0	15.0 sec	27500.0	Diesel	2	300 Nm
LAMBORGHINI	VENENO ROADSTER	V12	6,498 cc	750.0	356.0	2.9 sec	4500000.0	Petrol	2	690 Nm
Ford	Bronco	2.3L EcoBoost / 2.7L V6	2,300 - 2,700 cc	292.5	200.0	7.5 sec	42500.0	Petrol	4	400 - 600 Nm
ASTON MARTIN	VANTAGE 	V8	3,996 cc	503.0	313.0	3.6 sec	142000.0	Petrol	2	685 Nm
Porsche	911 GT3 Cup	4.0L Naturally Aspirated Flat-6	3996 cc	510.0	290.0	3.4 sec	245000.0	Petrol	1	470 Nm
Kia	Stinger Scorpion Edition	2.5L Turbocharged 4-Cylinder	2500 cc	300.0	270.0	5.0 sec	55000.0	Petrol	5	422 Nm
HYUNDAI	Kona	1.6L PETROL 	1,591 cc	147.0	185.0	10. 5 sec	20500.0	Petrol/EV	5	400 Nm
Volkswagen	Scirocco R	2.0L Turbo I4	1984 cc	280.0	250.0	5.5 sec	40000.0	Petrol	4	350 Nm
Mitsubishi	Outlander PHEV	2.4L Hybrid	2,400 cc / 20 kWh battery	248.0	170.0	10.5 sec	41000.0	Hybrid	5	300 Nm
Chevrolet	Malibu Premier	2.0L Turbo Inline-4 Gasoline	2000 cc	250.0	240.0	5.8 sec	34500.0	Petrol	5	353 Nm
GMC	Canyon AT4X	3.6L V6 engine	3,564 cc	308.0	180.0	6.9 sec	50000.0	Petrol	5	373 Nm
Jaguar Land Rover	Jaguar F-PACE S 30t AWD	I4 Petrol	1999 cc (I4)	247.0	225.0	6.4 sec	60000.0	Petrol	5	365 Nm
Jaguar Land Rover	Jaguar F-PACE Prestige AWD	I4 Petrol / V6 Petrol	1999 cc (I4) / 2995 cc (V6)	340.0	250.0	5.4 sec	65000.0	Petrol	5	480 Nm
HYUNDAI	Veloster	2.0L Inline-4	2,000 cc	275.0	220.0	6 sec	25000.0	Petrol	4	264 Nm
GMC	Sierra 1500 Elevation	2.7L Turbo engine	2,713 cc	310.0	180.0	7.0 sec	52000.0	Petrol	5	569 Nm
Volkswagen	ID. Buzz Cargo	Electric	77 kWh	204.0	145.0	10.2 sec	55000.0	Electric	3	310 Nm
Porsche	Macan T	2.0L Turbo Inline-4	1984 cc	265.0	233.0	6.2	63000.0	Petrol	5	400 Nm
BMW	128ti	I4	1,998 cc	261.0	250.0	6.1 sec	42000.0	Petrol	5	400 Nm
Mazda	CX-3	2.0L SkyActiv-G	2,000 cc	146.0	180.0	9.5 sec	23000.0	Petrol	5	197 Nm
Kia	Rio 5-Door	1.6L 4-Cylinder	1591 cc	120.0	180.0	10.3 sec	18000.0	Petrol	5	151 Nm
Mitsubishi	Space Runner	1.8L MIVEC	1,800 cc	140.0	185.0	10.5 sec	21500.0	Petrol	5	170 Nm
Chevrolet	Silverado 1500 RST	5.3L V8 Gasoline	5300 cc	355.0	180.0	7.1 sec	50895.0	Petrol	6	519 Nm
Peugeot	5008 GT Line	Inline-4	1,598 cc	180.0	200.0	9.0 sec	38000.0	Petrol	7	250 Nm
Tesla	Model X	Dual Electric Motors (AWD)	100 kWh	670.0	250.0	3.8 sec	98490.0	Electric	7	967 Nm
Volvo	Volvo FH16	16.1L I6 Turbo Diesel	16100 cc	750.0	120.0	14.5 sec	160000.0	Diesel	2	3500 Nm
BMW	530i	I4	1,998 cc	248.0	250.0	5.9 sec	57000.0	Petrol	5	400 Nm
BMW	M4 COMPETITION	I6	2,993 cc	503.0	290.0	3.8 sec	81000.0	Petrol	4	650 Nm
Jaguar Land Rover	Jaguar XJ Supercharged	V8 Petrol	5000 cc (V8)	510.0	280.0	4.2 sec	90000.0	Petrol	5	625 Nm
Mazda	Roadpacer AP	1.3L Rotary	1,300 cc	130.0	170.0	11.5 sec	22500.0	Petrol	5	165 Nm
Mitsubishi	Xpander	1.5L MIVEC	1,500 cc	105.0	170.0	13.5 sec	22500.0	Petrol	7	141 Nm
Kia	Seltos EX	2.0L 4-Cylinder	1999 cc	146.0	190.0	9.0 sec	23500.0	Petrol	5	179 Nm
Volkswagen	Volkswagen XL1	Plug-in Hybrid (0.8L I2 Diesel)	800 cc + Electric Motor	68.0	160.0	11.9 sec	150000.0	Hybrid	2	140 Nm
Tata Motors	Tiago NRG	1.2L Revotron 3-cylinder Petrol	1199 cc	86.0	170.0	13.5 sec	9200.0	Petrol	5	113 Nm
Volkswagen	Passat CC	2.0L I4 Turbo	1984 cc	240.0	240.0	7.3 sec	40000.0	Petrol	5	280 Nm
KIA	SPORTAGE 2024(BASE AWD)	I4	2,480 cc	187.0	200.0	8.3 sec	29000.0	Petrol/AWD	5	250 Nm
AUDI	RS7 SPORTBACK	V8	3,993 cc	591.0	305.0	3.6 sec	114000.0	Petrol	5	800 Nm
Mitsubishi	ASX (Outlander Sport)	2.0L MIVEC	2,000 cc	148.0	190.0	10.0 sec	24500.0	Petrol	5	197 Nm
GMC	Yukon AT4	5.3L V8 engine	5,327 cc	355.0	210.0	7.1 sec	71505.0	Petrol	8	519 Nm
BMW	330i	I4	1,998 cc	255.0	250.0	5.6 sec	45000.0	Petrol	5	400 Nm
Jaguar Land Rover	Jaguar I-PACE First Edition	Electric (Dual Motor)	90 kWh (Battery)	400.0	200.0	4.5 sec	85000.0	Electric	5	696 Nm
Mazda	RX-5	1.6L Inline-2 (Wankel)	1,588 cc	135.0	190.0	8.0 sec	27500.0	Petrol	4	210 Nm
HONDA	PILOT	V6	3,471 cc	285.0	209.0	6.3 sec	40000.0	Petrol	8	360 Nm
GMC	Yukon XL AT4	5.3L V8 engine	5,327 cc	355.0	210.0	7.3 sec	73305.0	Petrol	8	519 Nm
Volkswagen	Scirocco	2.0L Turbo I4	1984 cc	202.5	233.0	6.0 sec	35000.0	Petrol	4	350 Nm
Volkswagen	Polo GTI	2.0L Turbo I4	1984 cc	204.0	238.0	6.7 sec	28000.0	Petrol	5	320 Nm
Porsche	718 Boxster T	2.0L Turbo Flat-4	1988 cc	300.0	275.0	4.7	69600.0	Petrol	2	380 Nm
AUDI	R8 V10 PLUS	V10	5,204 cc	610.0	330.0	3.2 sec	194000.0	Petrol	2	560 Nm
KIA	SPORTAGE PHEV	I4 + ELECTRIC	1,600 cc / 13.8 kwh	261.0	180.0	8.0 sec	41000.0	Plug-in Hybrid	5	350 Nm
TOYOTA	RAV4	I4	2,494 cc	203.0	200.0	8.1 sec	27100.0	Petrol/Hybrid	5	400 Nm
Porsche	911 Carrera Base	3.0L Twin-Turbo Flat-6	2981 cc	379.0	293.0	4.2 sec	106100.0	Petrol	4	450 Nm
TOYOTA	CENTURY SUV	3.5L,V6,PLUG IN HYBRID	3,456 cc	406.0	200.0	6.0 sec	170000.0	Petrol	5	500 Nm
Porsche	Macan S	2.9L Twin-Turbo V6	2894 cc	375.0	259.0	4.6	70400.0	Petrol	5	520 Nm
Peugeot	Partner Tepee	Inline-4	1,560 cc	100.0	170.0	12.0 sec	25000.0	Diesel	5	260 Nm
Peugeot	508 PSE (Peugeot Sport Engineered)	Hybrid I4	1,598 cc (petrol) + Electric Motor	360.0	250.0	5.2 sec	55000.0	Hybrid	5	520 Nm
Mitsubishi	Minicab MiEV	Electric Motor	16 kWh battery	64.0	100.0		19000.0	Electric	2	196 Nm
Peugeot	3008 Allure	Inline-4	1,499 cc	180.0	210.0	8.0 sec	30000.0	Petrol	5	250 Nm
Mitsubishi	Fuso Fighter (Truck)	7.5L Diesel	7,500 cc	240.0	120.0		80000.0	Diesel	2	686 Nm
AUDI	SQ5	V6	2,995 cc	349.0	250.0	5.4 sec	62000.0	Petrol	5	500 Nm
GMC	Terrain All-Terrain Edition	1.5L Turbocharged I4 engine	1,490 cc	170.0	200.0	9.3 sec	35000.0	Petrol	5	275 Nm
Porsche	718 Spyder	4.0L Naturally Aspirated Flat-6	3995 cc	414.0	301.0	4.1	98300.0	Petrol	2	420 Nm
Peugeot	3008 PSE	Hybrid I4	1,598 cc (petrol) + Electric Motor	300.0	235.0	6.0 sec	50000.0	Hybrid	5	400 Nm
Peugeot	508 Allure	Inline-4	1,499 cc	180.0	225.0	8.0 sec	35000.0	Petrol	5	250 Nm
Jaguar Land Rover	Jaguar I-PACE HSE	Electric (Dual Motor)	90 kWh (Battery)	400.0	200.0	4.5 sec	90000.0	Electric	5	696 Nm
Mazda	CX-50	2.5L Turbocharged	2,500 cc	256.0	220.0	6.9 sec	32500.0	Petrol	5	434 Nm
TOYOTA	CELICA	I4	1,986 cc	140.0	200.0	8.5 sec	25000.0	Petrol	5	250 Nm
Kia	Seltos Nightfall Edition	1.6L Turbocharged 4-Cylinder	1591 cc	175.0	210.0	7.5 sec	28000.0	Petrol	5	264 Nm
Mazda	CX-9	2.5L Turbocharged	2,500 cc	250.0	210.0	7.2 sec	41500.0	Petrol	7	420 Nm
Peugeot	2008	Inline-4	1,199 cc	100.0	190.0	9.0 sec	25000.0	Petrol	5	205 Nm
Mazda	MX-6	2.5L V6	2,500 cc	164.0	210.0	8.8 sec	21000.0	Petrol	4	215 Nm
Mazda	CX-4	2.0L SkyActiv-G	2,000 cc	158.0	190.0	9.6 sec	25000.0	Petrol	5	202 Nm
GMC	Yukon XL SLT	5.3L V8 engine	5,327 cc	355.0	210.0	7.3 sec	65000.0	Petrol	8	519 Nm
Ford	Transit Custom	EcoBlue Turbo Diesel	2,000 cc	130.0	160.0	12.5 sec	35000.0	Diesel	29	385 Nm
Peugeot	Boxer	Diesel I4	2,200 cc	140.0	160.0	11.0 sec	32000.0	Diesel	3	340 Nm
Porsche	911 GT3 RS	4.0L Naturally Aspirated Flat-6	3996 cc	518.0	296.0	3.2	241300.0	Petrol	2	465 Nm
Mazda	AZ-Offroad	1.3L Inline-4	1,298 cc	85.0	145.0	12.0 sec	16500.0	Petrol	5	130 Nm
Jeep	Wagoneer S (Electric)	Dual Electric Motors	100 kWh	600.0	177.0	4.5 sec	80000.0	Electric	5	850 Nm
HYUNDAI	Equus	3.3L V6	3,300 cc	278.0	240.0	6.5 sec	55000.0	Petrol	5	400 Nm
Ford	GT	3.5L Twin-Turbo V6	3,500 cc	660.0	348.0	3.0 sec	500000.0	Petrol	2	746 Nm
Porsche	911 Carrera 4 GTS	3.0L Twin-Turbo Flat-6	2981 cc	473.0	311.0	3.3 sec	137000.0	Petrol	4	570 Nm
Jeep	Grand Cherokee	3.6L V6 Pentastar Gasoline	3600 cc	293.0	209.0	7.0 sec	41530.0	Petrol	5	352 Nm
ROLLS ROYCE	PHATOM ORCHID	V12	6,749 cc	563.0	250.0	5.3 sec	495000.0	Petrol	5	900 Nm
Peugeot	e-2008 GT	Electric Motor	50 kWh	136.0	200.0	8.5 sec	40000.0	Electric	5	260 Nm
TOYOTA	GR COROLLA	1.6L,TURBOCHARGED INLINE-3	1,618 cc	300.0	230.0	5. 0 sec	36995.0	Petrol	5	370 Nm
Mitsubishi	Pajero Final Edition	3.2L Diesel Turbo	3,200 cc	189.0	180.0	10.5 sec	47500.0	Diesel	7	441 Nm
GMC	Acadia Denali	3.6L V6 engine	3,564 cc	310.0	210.0	6.5 sec	54300.0	Petrol	7	366 Nm
Kia	Telluride SX Prestige	3.8L V6	3778 cc	291.0	240.0	7.0 sec	52000.0	Petrol	7	355 Nm
Volkswagen	Tiguan eHybrid	1.4L I4 Turbo + Electric Motor	1395 cc + Battery	245.0	200.0	7.5 sec	42000.0	Hybrid	5	400 Nm
Kia	Soul EX	2.0L 4-Cylinder	1999 cc	147.0	190.0	9.5 sec	22000.0	Petrol	5	179 Nm
Ford	Maverick Hybrid	I4 Hybrid	2,500 cc (petrol) + Electric Motor	191.0	180.0	7.8 sec	25000.0	Hybrid	5	210 Nm
TOYOTA	LAND CRUISER 300	3.3L,V6,TWIN TURBO DIESEL	3,346 cc	305.0	210.0	6.8 sec	58500.0	Petrol/Diesel	7	650 Nm
Mazda	Sentia	3.0L V6	3,000 cc	200.0	200.0	9.0 sec	25000.0	Petrol	5	265 Nm
Kia	Seltos SX Turbo	1.6L Turbocharged 4-Cylinder	1591 cc	175.0	210.0	7.5 sec	32000.0	Petrol	5	264 Nm
Volkswagen	Fox	1.2L I4 Gas / 1.4L I4 Gas	1198 cc / 1390 cc	65.0	148.0	17.5 sec	12000.0	Petrol	5	93 Nm
Kia	EV6 Wind	Electric Motor	77.4 kWh	225.0	190.0	5.2 sec	50000.0	Electric	5	350 Nm
Porsche	Panamera Turbo Executive	4.0L Twin-Turbo V8	3996 cc	550.0	306.0	3.8	175200.0	Petrol	4	770 Nm
Mitsubishi	eK Space	0.7L 3-Cylinder	660 cc	52.0	130.0	15.0 sec	11000.0	Petrol	4	60 Nm
Volvo	Volvo FH	13.0L I6 Turbo Diesel	13000 cc	540.0	120.0	15.0 sec	120000.0	Diesel	2	2600 Nm
Volkswagen	Volkswagen Lupo 3L	1.2L Diesel I3	1199 cc	61.0	165.0	14.5 sec	20000.0	Diesel	4	140 Nm
HYUNDAI	Sonata	2.5L Inline-4	2,500 cc	191.0	240.0	8 sec	25000.0	Petrol/Hybrid	5	250 Nm
Jaguar Land Rover	Jaguar F-Type 75th Anniversary Edition	V8 Petrol	5000 cc (V8)	550.0	300.0	3.9 sec	100000.0	Petrol	2	680 Nm
GMC	Sierra 3500HD Pro	6.6L V8 engine	6,600 cc	401.0	170.0	7.8 sec	62000.0	Petrol	3	629 Nm
GMC	Sierra 1500 AT4X	6.2L V8 engine	6,162 cc	420.0	200.0	5.9 sec	82000.0	Petrol	5	624 Nm
Volkswagen	T-Roc	2.0L Turbo I4	1984 cc	207.5	205.0	7.2 sec	30000.0	Petrol	5	320 Nm
Volkswagen	Golf R Cabriolet	2.0L I4 Turbo	1984 cc	265.0	250.0	5.9 sec	45000.0	Petrol	4	380 Nm
Porsche	911 Turbo S	3.8L Twin-Turbo Flat-6	3745 cc	640.0	330.0	2.6	230400.0	Petrol	4	800 Nm
HYUNDAI	ELANTRA	2.0L,4-CYLINDER,INLINE-4(I4)	1,999 cc	147.0	200.0	9.5 sec	18400.0	Petrol/Hybrid	5	250 Nm
Mazda	Xedos 6	2.5L V6	2,500 cc	170.0	215.0	8.5 sec	27500.0	Petrol	5	230 Nm
Ford	Mustang Mach-E	Electric Motor	Battery (68-98 kWh)	385.0	180.0	3.5 sec (GT Model)	52000.0	Electric	5	430 Nm (GT Model)
Tata Motors	Indigo GLX	1.4L MPFI Petrol	1396 cc	85.0	160.0	15 sec	7200.0	Petrol	5	115 Nm
Volkswagen	Golf Variant Alltrack	2.0L Diesel I4	1968 cc	175.0	220.0	7.8 sec	35000.0	Petrol	5	320 Nm
Jeep	Wrangler 4xe	2.0L Turbo PHEV	17.3 kWh	375.0	180.0	6.4 sec	50695.0	Hybrid	5	637 Nm
Kia	Rio	1.6L 4-Cylinder	1591 cc	120.0	180.0	10.3 sec	17000.0	Petrol	5	151 Nm
Mazda	Luce Rotary Coupe	1.3L Wankel Rotary Engine	1,308 cc	135.0	175.0	12.0 sec	27500.0	Petrol	4	180 Nm
Peugeot	308 GTI	Inline-4	1,598 cc	270.0	250.0	6.0 sec	35000.0	Petrol	5	330 Nm
Mazda	Millenia	2.3L Miller Cycle V6	2,300 cc	210.0	215.0	8.2 sec	27500.0	Petrol	5	280 Nm
Mitsubishi	Town Box	0.7L 3-Cylinder	660 cc	48.0	120.0	16.0 sec	11000.0	Petrol	4	60 Nm
GMC	Acadia Black Edition	3.6L V6 engine	3,564 cc	310.0	210.0	6.5 sec	45000.0	Petrol	7	366 Nm
Mitsubishi	Pajero Sport	2.4L Diesel Turbo	2,400 cc	181.0	180.0	11.0 sec	37500.0	Diesel	7	430 Nm
Ford	EcoSport	1.0L Turbo Inline-3 / 2.0L	1,000 - 2,000 cc	144.5	180.0	9.0 sec	22500.0	Petrol	5	170 - 200 Nm
Kia	Forte LXS	2.0L 4-Cylinder	1999 cc	147.0	190.0	9.2 sec	19000.0	Petrol	5	179 Nm
Ford	Bronco (2024)	V6 EcoBoost	2,700 cc	310.0	200.0	6.7 sec	45000.0	Petrol	5	542 Nm
Chevrolet	Camaro SS	6.2L V8 Gasoline	6200 cc	455.0	290.0	4.3 sec	43500.0	Petrol	4	617 Nm
Mazda	RX-2	1.3L Inline-2 (Wankel)	1,308 cc	130.0	185.0	8.5 sec	22500.0	Petrol	4	220 Nm
Chevrolet	Bolt EV Premier	Single Electric Motor	66 kWh	200.0	150.0	6.5 sec	31700.0	Electric	5	360 Nm
Peugeot	e-2008	Electric Motor	50 kWh	136.0	150.0	8.5 sec	38000.0	Electric	5	260 Nm
MERCEDES	BENZ CLS 450	V6	2,996 cc	362.0	250.0	5.2 sec	70000.0	Petrol	5	500 Nm
TOYOTA	URBAN CRUISER TAISOR	1.5L,HYBRID	1,490 cc	114.0	170.0	11 sec	25000.0	Petrol	5	130 Nm
Kia	Forte Limited Edition	2.0L 4-Cylinder	1999 cc	147.0	190.0	9.2 sec	22500.0	Petrol	5	179 Nm
Mitsubishi	Attrage	1.2L MIVEC	1,200 cc	78.0	170.0	12.5 sec	16000.0	Petrol	5	100 Nm
BMW	114i	I4	1,598 cc	102.0	195.0	11.2 sec	26000.0	Petrol	5	200 Nm
Cadillac	XT6 Sport	3.6L V6 Gasoline	3600 cc	310.0	210.0	6.9 sec	57095.0	Petrol	7	366 Nm
ASTON MARTIN	DB11	V12	5,204 cc	600.0	322.0	3.9 sec	208000.0	Petrol	4	700 Nm
Chevrolet	Silverado 2500HD	6.6L V8 Gasoline	6600 cc	401.0	170.0	8.0 sec	41500.0	Petrol	6	629 Nm
BMW	118D SPORT LINE	I4	1,995 cc	150.0	216.0	8.4 sec	36000.0	Diesel	5	380 Nm
Kia	Telluride Nightfall Edition	3.8L V6	3778 cc	291.0	240.0	7.0 sec	51000.0	Petrol	7	355 Nm
Mitsubishi	Toppo BJ	0.7L 3-Cylinder	660 cc	52.0	130.0	15.0 sec	11000.0	Petrol	4	60 Nm
Mitsubishi	Lancer Evolution X	2.0L Turbocharged	2,000 cc	291.0	240.0	5.0 sec	45000.0	Petrol	5	407 Nm
Ford	Explorer (2024)	V6 Turbocharged	3,000 cc	400.0	230.0	5.9 sec	55000.0	Petrol	7	563 Nm
Mazda	Cronos	2.5L V6	2,500 cc	160.0	190.0	8.5 sec	20000.0	Petrol	5	210 Nm
Jaguar Land Rover	Jaguar F-Type Heritage Edition	V8 Petrol	5000 cc (V8)	550.0	300.0	3.9 sec	110000.0	Petrol	2	680 Nm
MERCEDES	BENZ GLE 53	V6	2,996 cc	429.0	250.0	5.2 sec	71000.0	Petrol	5	620 Nm
Chevrolet	Equinox LT	1.5L Turbo Inline-4 Gasoline	1500 cc	170.0	200.0	8.9 sec	28400.0	Petrol	5	275 Nm
TOYOTA	INNOVA HYCROSS	2.0L HYBRID	1,987 cc	184.0	165.0	9.5 sec	40000.0	Hybrid	7	250 Nm
Jaguar Land Rover	Jaguar E-PACE R-Dynamic	I4 Petrol	1999 cc (I4)	246.0	230.0	6.8 sec	55000.0	Petrol	5	430 Nm
Chevrolet	Silverado 2500HD LTZ	6.6L V8 Diesel	6600 cc	445.0	160.0	8.4 sec	56400.0	Diesel	6	1234 Nm
Kia	Seltos X-Line Turbo	1.6L Turbocharged 4-Cylinder	1591 cc	175.0	210.0	7.5 sec	30000.0	Petrol	5	264 Nm
Tata Motors	Altroz DCA	1.2L Revotron 3-cylinder Petrol	1199 cc	86.0	170.0	12.5 sec	11300.0	Petrol	5	113 Nm
Chevrolet	Equinox Premier	1.5L Turbo Inline-4 Gasoline	1500 cc	170.0	200.0	8.8 sec	33400.0	Petrol	5	275 Nm
Ford	Bronco Raptor	3.0L Twin-Turbo V6	3,000 cc	400.0	220.0	5.5 sec	70000.0	Petrol	4	583 Nm
Mitsubishi	Lancer GLX	1.6L MIVEC	1,600 cc	115.0	190.0	11.5 sec	18500.0	Petrol	5	154 Nm
TOYOTA	TUNDRA	V8	5,663 cc	381.0	220.0	6.7 sec	39900.0	Petrol	5	650 Nm
Porsche	Taycan GTS	Dual Electric Motors	93.4 kWh	590.0	250.0	3.5	132750.0	Electric	4	850 Nm
Peugeot	e-208	Electric Motor	50 kWh	136.0	150.0	8.1 sec	35000.0	Electric	5	260 Nm
Porsche	718 Cayman GT4	4.0L Naturally Aspirated Flat-6	3995 cc	414.0	302.0	4.2	100200.0	Petrol	2	420 Nm
Acura	TLX A-Spec Sedan	V6	3,500 cc (V6)	290.0	250.0	5.7 sec	50000.0	Petrol	5	362 Nm
Mitsubishi	Mirage	1.2L MIVEC	1,200 cc	78.0	170.0	12.0 sec	17000.0	Petrol	5	100 Nm
TOYOTA	CROWN	HYBRID	2,494 cc	236.0	200.0	7.6 sec	38400.0	Hybrid	5	400 Nm
AUDI	AUDI R8 Gt	V10	5,204 cc	602.0	320.0	3.6 sec	253290.0	Petrol	2	560 Nm
Acura	MDX Hybrid	V6 Hybrid	3,500 cc	321.0	190.0	6.0 sec	55000.0	Hybrid	7	335 Nm
Peugeot	508 PSE (Peugeot Sport Engineered)	Hybrid I4 + Electric Motor	1,599 cc (petrol) + Electric Motor	360.0	250.0	5.2 sec	55000.0	Hybrid	5	520 Nm
Mitsubishi	Airtrek	2.4L 4-Cylinder	2,400 cc	160.0	190.0	11.0 sec	22500.0	Petrol	5	214 Nm
GMC	Sierra 2500HD AT4	6.6L V8 engine	6,600 cc	401.0	170.0	7.5 sec	70000.0	Petrol	5	629 Nm
Jaguar Land Rover	Jaguar XE P300 R-Dynamic	I4 Petrol	1999 cc (I4)	300.0	250.0	5.5 sec	55000.0	Petrol	5	400 Nm
Chevrolet	Camaro ZL1	6.2L Supercharged V8 Gasoline	6200 cc	650.0	318.0	3.5 sec	67300.0	Petrol	4	881 Nm
Jaguar Land Rover	Jaguar F-PACE R-Dynamic	I4 Petrol / V6 Petrol	1999 cc (I4) / 2995 cc (V6)	340.0	250.0	5.4 sec	65000.0	Petrol	5	480 Nm
Mazda	Familia Sedan	1.5L Inline-4	1,500 cc	100.0	175.0	11.0 sec	14000.0	Petrol	5	135 Nm
Peugeot	3008 Hybrid4	Hybrid I4+ Electric Motor	1,599 cc (Petrol) + Electric Motor	300.0	235.0	6.0 sec	45000.0	Hybrid	5	520 Nm
MERCEDES	BENZ MAYBACH S 680	V12	5,980 cc	630.0	250.0	4.7 sec	200000.0	Petrol	5	1000 Nm
Peugeot	3008 GT	Inline-4	1,598 cc	200.0	220.0	7.5 sec	35000.0	Petrol	5	280 Nm
Jaguar Land Rover	Jaguar F-Type SVR	V8 Petrol	5000 cc (V8)	575.0	320.0	3.7 sec	120000.0	Petrol	2	700 Nm
Chevrolet	Silverado 1500 Custom	4.3L V6 Gasoline	4300 cc	285.0	180.0	8.6 sec	34900.0	Petrol	6	413 Nm
Porsche	Panamera Turbo S E-Hybrid Sport Turismo	4.0L Twin-Turbo V8 + Electric Motor	3996 cc	690.0	315.0	3.2	200200.0	Hybrid	4	870 Nm
Jeep	Wagoneer	5.7L V8 Gasoline with eTorque	5700 cc	392.0	190.0	7.4 sec	63595.0	Petrol	8	548 Nm
LAMBORGHINI	URUS 	V8	3,996 cc	641.0	305.0	3.6 sec	211000.0	Petrol	5	850 Nm
ASTON MARTIN	VALKYRIE	V12	6,496 cc	1160.0	402.0	2.5 sec	3200000.0	Hybrid	2	900 Nm
Acura	NSX Carbon Edition	Twin-Turbo V6 Hybrid	3,493 cc	537.0	307.0	2.9 sec	157000.0	Hybrid	2	666 Nm
Ford	Edge	2.0L EcoBoost / 2.7L V6	2,000 - 2,700 cc	292.5	200.0	6.5 sec	40000.0	Petrol	5	400 - 475 Nm
TOYOTA	COROLLA	I4	1,798 cc	139.0	180.0	9.4 sec	22500.0	Petrol/Hybrid	5	200 Nm
AUDI	A7	V6	2,995 cc	335.0	250.0	5.7 sec	68000.0	Petrol	5	600 Nm
NISSAN	SENTRA	I4	1,998 cc	149.0	200.0	8.2 sec	20000.0	Petrol	5	240 Nm
Mitsubishi	Xpander Cross	1.5L MIVEC	1,500 cc	105.0	170.0	12.0 sec	22500.0	Petrol	7	141 Nm
MARUTI SUZUKI	BREZZA	1.5L,4-CYLINDER,INLINE(I4)	1,462 cc	103.0	180.0	11.5 sec	14400.0	Petrol	5	200 Nm
Tesla	Model X Plaid	Tri Electric Motors	100 kWh	1020.0	262.0	2.6 sec	113490.0	Electric	6	1,400 Nm
Acura	RDX Turbo AWD	Inline-4 Turbocharged	1,500 cc	272.0	210.0	6.6 sec	45000.0	Petrol	5	400 Nm
Volkswagen	ID. Buzz Cargo EV	Electric	77 kWh	204.0	145.0	10.2 sec	55000.0	Electric	2	310 Nm
Volkswagen	ID.3	Electric	58 - 77 kWh	204.0	160.0	7.3 sec	35000.0	Electric	5	310 Nm
Porsche	Cayenne Base	3.0L Turbocharged V6	2995 cc	335.0	245.0	5.9	72200.0	Petrol	5	450 Nm
Kia	Niro SX Touring	1.6L 4-Cylinder Hybrid	1591 cc	139.0	180.0	10.5 sec	34500.0	Hybrid	5	265 Nm
Porsche	Taycan Turbo S	Dual Electric Motors	93.4 kWh	750.0	260.0	2.8	185000.0	Electric	4	1050 Nm
GMC	Sierra 2500HD	6.6L V8 Diesel	6600 cc	401.0	175.0	7.5 sec	43900.0	Diesel	6	629 Nm
Jeep	Cherokee	2.4L I4 Tigershark Gasoline	2400 cc	180.0	195.0	8.5 sec	37695.0	Petrol	5	230 Nm
AUDI	Q3	I4	1,984 cc	248.0	230.0	7.3 sec	35000.0	Petrol	5	400 Nm
LAMBORGHINI	URUS GRAPHITE CAPSULE	V8	3,998 cc	641.0	305.0	3.3 sec	253000.0	Petrol	5	850 Nm
Tata Motors	Indigo LX	1.4L CR4 Diesel	1396 cc	70.0	150.0	17 sec	7000.0	Diesel	5	140 Nm
Kia	Niro Plug-In Hybrid	1.6L 4-Cylinder Hybrid	1591 cc	139.0	180.0	10.5 sec	33000.0	Hybrid	5	265 Nm
AUDI	S5 COUPE	V6	2,995 cc	349.0	250.0	4.8 sec	64000.0	Petrol	4	500 Nm
Mazda	Etude	1.6L Inline-4	1,598 cc	105.0	170.0	10.0 sec	15000.0	Petrol	5	135 Nm
Cadillac	CT5-V Blackwing	6.2L Supercharged V8 Gasoline	6200 cc	668.0	320.0	3.4 sec	92000.0	Petrol	5	893 Nm
Ford	Escape (Kuga)	1.5L EcoBoost / 2.5L Hybrid	1,500 - 2,500 cc	190.5	190.0	7.5 sec	31500.0	Petrol/Hybrid	5	230 - 200 Nm
Mazda	Eunos Roadster	1.6L Inline-4	1,590 cc	116.0	180.0	9.5 sec	16500.0	Petrol	2	140 Nm
LAMBORGHINI	AVENTADOR LP 780-4 ULTIMATE ROADSTER	V12	6,498 cc	769.0	355.0	2.8 sec	573000.0	Petrol	2	720 Nm
Peugeot	Partner Electric	Electric Motor	-	136.0	130.0	9.0 sec	40000.0	Electric	5	260 Nm
FERRARI	F8 SPIDER	V8	3,900 cc	710.0	340.0	2.9 sec	280000.0	Petrol	2	770 Nm
BMW	120i	I4	1,998 cc	178.0	230.0	7.1  sec	37000.0	Petrol	5	300 Nm
ASTON MARTIN	LAGONDA TARAF	V12	5,935 cc	540.0	314.0	4.2 sec	1100000.0	Petrol	4	630 Nm
Tesla	Cybertruck	Tri Electric Motors	200 kWh	800.0	209.0	2.9 sec	69900.0	Electric	6	1,355 Nm
Porsche	911 Carrera S	3.0L Twin-Turbo Flat-6	2981 cc	443.0	308.0	3.5	131300.0	Petrol	4	528 Nm
KIA	SPORTAGE X-LINE	I4	2,480 cc	187.0	200.0	8.0 sec	32500.0	Petrol	5	350 Nm
Acura	RDX SH-AWD	I4 Turbocharged	1,500 cc (I4)	272.0	210.0	6.6 sec	50000.0	Petrol	5	400 Nm
TOYOTA	BZ4X	ELECTRIC	64.8 kwh (Base Model),72.8 kwh (Higher End Model	218.0	200.0	7.5 sec	43400.0	Electric	5	330 Nm
Mitsubishi	Triton GLX-R	2.4L Diesel Turbo	2,400 cc	181.0	177.0	10.5 sec	31000.0	Diesel	5	430 Nm
Peugeot	Partner	Diesel I4	1,560 cc	75.0	160.0	12.0 sec	22500.0	Diesel	5	200 Nm
LAMBORGHINI	HURACAN EVO SPYDER	V10	5,204 cc	640.0	325.0	3.1 sec	287000.0	Petrol	2	600 Nm
Ford	Explorer Plug-in Hybrid	V6 Hybrid + Electric Motor	3,000 cc (petrol) + Electric Motor	457.0	225.0	6.0 sec	53000.0	Hybrid	7	825 Nm
Volkswagen	Arteon Shooting Brake	2.0L I4 Turbo	1984 cc	235.0	250.0	5.6 sec	50000.0	Petrol	5	420 Nm
Jaguar Land Rover	Jaguar XE R-Sport AWD	I4 Petrol / V6 Petrol	1999 cc (I4) / 2995 cc (V6)	300.0	250.0	5.5 sec	55000.0	Petrol	5	400 Nm
Jaguar Land Rover	Jaguar XE	I4 Petrol	1999 cc (I4)	250.0	250.0	6.5 sec	45000.0	Petrol	5	365 Nm
Jaguar Land Rover	Jaguar X-TYPE	I4 Petrol	1998 cc (I4)	160.0	215.0	9.0 sec	40000.0	Petrol	5	215 Nm
Volkswagen	T-Cross	1.0L Turbo I3 / 1.5L Turbo I4	999 cc / 1498 cc	122.5	200.0	10.2 sec	25000.0	Petrol	5	250 Nm
Bugatti	Chiron Super Sport	8.0L Quad-Turbo W16	7993 cc	1600.0	490.0	2.4 sec	3500000.0	Petrol	2	1600 Nm
HYUNDAI	IONIQ 5	ELECTRIC MOTOR	72.6 KWH	225.0	185.0	7.4 sec	41000.0	Electric	5	350 Nm
Jaguar Land Rover	Jaguar XE R-Dynamic	I4 Petrol	1999 cc (I4)	340.0	250.0	5.4 sec	60000.0	Petrol	5	450 Nm
Tata Motors	Altroz iTurbo	1.2L Turbocharged Petrol	1199 cc	110.0	180.0	10 sec	12000.0	Petrol	5	140 Nm
Porsche	911 Sport Turismo	3.0L Twin-Turbo Flat-6	2981 cc	379.0	293.0	4.4 sec	116000.0	Petrol	4	450 Nm
Volkswagen	Golf	1.5L Turbo I4 / Electric	1498 cc / 40 - 58 kWh	215.0	210.0	8.5 sec	23000.0	Petrol	5	250 Nm
Peugeot	308 PSE	Hybrid I4	1,598 cc (petrol) + Electric Motor	360.0	250.0	5.0 sec	55000.0	Hybrid	5	520 Nm
Ford	Everest	Turbocharged Inline-4	2,000 cc	210.0	190.0	10.5 sec	52000.0	Diesel	7	500 Nm
HYUNDAI	Elantra GT	1.6L Turbo GDI 4-cylinder	2,000 cc	160.0	200.0	8.3 sec	22000.0	Petrol	5	320 Nm
TOYOTA	PRIUS	I4	1,798 cc	121.0	180.0	10.5 sec	26700.0	Hybrid	5	142 Nm
BMW	118i XDRIVE	I3	1,499 cc	136.0	211.0	8.9 sec	34000.0	Petrol	5	250 Nm
Chevrolet	Bolt EV 2LT	Single Electric Motor	66 kWh	200.0	150.0	6.7 sec	28795.0	Electric	5	360 Nm
Jaguar Land Rover	Jaguar F-PACE SVR	V8 Petrol	5000 cc (V8)	550.0	283.0	4.0 sec	85000.0	Petrol	5	700 Nm
Porsche	718 Boxster GTS	4.0L Naturally Aspirated Flat-6	3995 cc	394.0	293.0	4.3	90300.0	Petrol	2	430 Nm
Bugatti	Chiron Sport	8.0L Quad-Turbo W16	7993 cc	1500.0	420.0	2.4 sec	3300000.0	Petrol	2	1600 Nm
Tata Motors	Safari	2.0L Kryotec Turbocharged Diesel	1956 cc	168.0	180.0	11 sec	25500.0	Diesel	7	350 Nm
Peugeot	3008 Allure Premium	Inline-4	1,499 cc	130.0	200.0	9.8 sec	32000.0	Petrol	5	240 Nm
Acura	NSX GT3 (Track Version)	Twin-Turbo V6 Hybrid	3,493 cc	500.0	300.0	3.0 sec	150000.0	Hybrid	2	600 Nm
BMW	M8 GRAN COUPE	V8	4,395 cc	523.0	305.0	3.3 sec	146000.0	Petrol	5	750 Nm
Chevrolet	Colorado WT	2.7L Turbo Inline-4 Gasoline	2700 cc	310.0	190.0	6.9 sec	29200.0	Petrol	5	583 Nm
Porsche	Taycan 4S	Dual Electric Motors	79.2 kWh	522.0	250.0	4	103800.0	Electric	4	640 Nm
ROLLS ROYCE	PHANTOM	V12	6749 cc	563.0	250.0	5.3 sec	460000.0	Petrol	5	900 Nm
Mazda	Autozam AZ-1	657cc Turbocharged Inline-3	657 cc	63.0	140.0	11.0 sec	15000.0	Petrol	2	85 Nm
Mazda	Bongo Truck	2.0L Inline-4	1,998 cc	120.0	130.0	15.0 sec	16500.0	Petrol	2	150 Nm
Chevrolet	Spark Activ	1.4L Inline-4 Gasoline	1400 cc	98.0	180.0	11.0 sec	17595.0	Petrol	5	127 Nm
Mitsubishi	Pajero SWB (Short Wheel Base)	3.2L Diesel Turbo	3,200 cc	189.0	180.0	10.5 sec	47500.0	Diesel	5	441 Nm
MERCEDES	BENZ E-CLASS E 63 S	V8	3,982 cc	603.0	250.0	3.4 sec	104000.0	Petrol	5	850 Nm
TOYOTA	TACOMA	I4	2,694 cc	159.0	180.0	9.5 sec	26400.0	Petrol	5	400 Nm
ASTON MARTIN	DBS SUPERLEGGERA	V12	5,204 cc	715.0	340.0	3.4 sec	316000.0	Petrol	2	900 Nm
Mitsubishi	Sigma	3.0L V6	3,000 cc	210.0	220.0	8.5 sec	37500.0	Petrol	5	270 Nm
Acura	MDX SH-AWD w/Technology Package	V6	3,500 cc	290.0	190.0	6.0 sec	55000.0	Petrol	7	362 Nm
Mazda	Mazda2	1.5L 4-Cylinder	1,500 cc	108.0	180.0	10.2 sec	18500.0	Petrol	5	142 Nm
Porsche	Cayenne Coupe Turbo E-Hybrid	4.0L Twin-Turbo V8 + Electric Motor	3996 cc	728.0	295.0	3.6	182900.0	Hybrid	4	950 Nm
Porsche	911 RSR (Motorsport Edition)	4.2L Naturally Aspirated Flat-6	4194 cc	515.0	296.0	3.1 sec	750000.0	Petrol	1	480 Nm
Mazda	Carol P360	0.36L Inline-2	360 cc	26.0	85.0	35.0 sec	9000.0	Petrol	4	45 Nm
Volkswagen	Jetta GLI 35th	2.0L I4 Turbo	1984 cc	228.0	250.0	6.5 sec	31000.0	Petrol	5	350 Nm
MERCEDES	BENZ GLE 350 	I4	1,991 cc	255.0	250.0	 6.1 sec	53000.0	Petrol	5	500 Nm
Volkswagen	Golf R32	3.2L VR6	3189 cc	240.0	250.0	6.2 sec	40000.0	Petrol	5	320 Nm
Mitsubishi	Delica D:5	2.2L Diesel Turbo	2,200 cc	145.0	175.0	11.0 sec	37500.0	Diesel	7	360 Nm
Chevrolet	Silverado 3500HD High Country	6.6L V8 Diesel	6600 cc	445.0	160.0	8.5 sec	75700.0	Diesel	6	1234 Nm
Volkswagen	ID. Buzz Pro	Electric	77 kWh	204.0	145.0	10.2 sec	60000.0	Electric	7	310 Nm
Acura	NSX 3.5L Hybrid Coupe	Twin-Turbo V6 Hybrid	3,493 cc	537.0	307.0	2.9 sec	157000.0	Hybrid	2	666 Nm
TOYOTA	COASTER	4.0L,DIESEL	4,009 cc	134.0	120.0		70000.0	Diesel	20	500 Nm
FERRARI	MONZA SP2	V12	6,496 cc	789.0	340.0	2.9 sec	1700000.0	Petrol	2	719 Nm
Volkswagen	Polo Vivo	1.4L I4 Gas / 1.6L I4 Gas	1390 cc / 1598 cc	95.0	170.0	10.8 sec	14000.0	Petrol	5	132 Nm
GMC	Sierra 1500 AT4	5.3L V8 Gasoline	5300 cc	355.0	180.0	7.4 sec	53800.0	Petrol	6	519 Nm
Porsche	911 Dakar	3.0L Twin-Turbo Flat-6	2981 cc	473.0	240.0	3.4	222000.0	Petrol	2	570 Nm
Volkswagen	Jetta	1.5L Turbo I4	1498 cc	189.0	210.0	7.7 sec	21995.0	Petrol	5	250 Nm
BMW	116i EFFICIENTDYNAMICS	I4	1,598 cc	109.0	195.0	10.9 sec	29000.0	Petrol	5	200 Nm
Ford	Explorer	2.3L EcoBoost / 3.0L V6	2,300 - 3,000 cc	350.0	200.0	6.0 sec	45000.0	Petrol	7	420 - 500 Nm
TOYOTA	TOYOTA LAND CRUISER	V8	5,663 cc	381.0	220.0	6.7 sec	85000.0	Diesel	7	500 Nm
Kia	K5 EX	1.6L Turbocharged 4-Cylinder	1591 cc	180.0	220.0	7.8 sec	28500.0	Petrol	5	264 Nm
Peugeot	2008 Active	Inline-4	1,199 cc	100.0	190.0	11.2 sec	22000.0	Petrol	5	205 Nm
Tesla	Model S	Dual Electric Motors	100 kWh	670.0	250.0	3.1 sec	88490.0	Electric	5	967 Nm
Mazda	Premacy Hydrogen RE	1.3L Wankel + Electric	1,308 cc	200.0	180.0	9.5 sec	42500.0	Hybrid	5	260 Nm
Jeep	Grand Cherokee 4xe	2.0L Turbo PHEV	17.3 kWh	375.0	210.0	6.0 sec	59865.0	Hybrid	5	637 Nm
Peugeot	208 Sedan	Inline-4	1,199 cc	100.0	190.0	11.2 sec	22000.0	Petrol	5	205 Nm
TOYOTA	AYGO X	1.0L,INLINE-3	998 cc	71.0	160.0	14.8 sec	18000.0	Petrol	4	93 Nm
Chevrolet	Suburban High Country	6.2L V8 Gasoline	6200 cc	420.0	200.0	7.0 sec	82400.0	Petrol	8	624 Nm
Ford	E-Series Cutaway	V8 Gasoline Engine	7,300 cc	350.0	140.0	13.0 sec	36000.0	Petrol	2	569 Nm
Chevrolet	Trax LT	1.2L Turbo Inline-3 Gasoline	1200 cc	137.0	200.0	9.2 sec	24100.0	Petrol	5	220 Nm
Mazda	Protegé	1.8L Inline-4	1,800 cc	125.0	185.0	9.0 sec	16500.0	Petrol	5	170 Nm
Kia	Carnival MPV EX	3.5L V6	3500 cc	290.0	220.0	8.0 sec	43500.0	Petrol	8	355 Nm
Mazda	MX-30 Electric	Electric Motor	35.5 kWh battery	143.0	140.0	9.7 sec	35000.0	Electric	5	271 Nm
HONDA	ACCORD	I4	1,498 cc	192.0	201.0	7.1 sec	29400.0	Petrol	5	370 Nm
Acura	TLX Type S PMC Edition	Turbocharged V6	3,000 cc	355.0	250.0	5.1 sec	54000.0	Petrol	5	480 Nm
Mazda	Luce	1.8L Rotary	1,800 cc	135.0	180.0	10.5 sec	17500.0	Petrol	5	170 Nm
Bugatti	Chiron	8.0L Quad-Turbo W16	7993 cc	1500.0	420.0	2.5 sec	3000000.0	Petrol	2	1600 Nm
Tata Motors	Harrier	2.0L Kryotec Turbocharged Diesel	1956 cc	168.0	180.0	11 sec	23000.0	Diesel	5	350 Nm
Kia	Soul S	2.0L 4-Cylinder	1999 cc	147.0	190.0	9.5 sec	20500.0	Petrol	5	179 Nm
Jeep	Gladiator Mojave Edition	3.6L V6 Pentastar Gasoline	3600 cc	285.0	177.0	8.6 sec	51570.0	Petrol	5	353 Nm
LAMBORGHINI	HURACAN STO	V10	5,204 cc	640.0	325.0	3.0 sec	327000.0	Petrol	2	565 Nm
Tata Motors	Nexon EV Max	Permanent Magnet Synchronous	40.5 kWh	143.0	140.0	9 sec	25000.0	Electric	5	250 Nm
Chevrolet	Malibu LT	1.5L Turbo Inline-4 Gasoline	1500 cc	160.0	210.0	8.5 sec	25800.0	Petrol	5	250 Nm
Ford	Fiesta ST	1.5L Turbo Inline-3	1,500 cc	200.0	230.0	6.5 sec	23000.0	Petrol	5	290 Nm
Jaguar Land Rover	Jaguar F-Type V6 S Convertible	V6 Petrol	2995 cc (V6)	380.0	280.0	4.8 sec	80000.0	Petrol	2	460 Nm
HYUNDAI	Santa Cruz	2.5L Turbocharged Inline-4	2,500 cc	281.0	215.0	6.5 sec	40799.0	Petrol	5	400 Nm
TOYOTA	TOYOTA SEQUOIA	V8	5,663 cc	381.0	200.0	6.9 sec	50000.0	Petrol	7	651 Nm
Volkswagen	Golf Cabriolet	1.2L I4 Turbo / 2.0L I4 Turbo	1197 cc / 1984 cc	157.5	217.0	8.4 sec	30000.0	Petrol	4	200 Nm
Tata Motors	Tiago EV	Permanent Magnet Synchronous	24 kWh	74.0	120.0	5.7 sec	11000.0	Electric	5	114 Nm
BMW	125D	I4	1,995 cc	224.0	240.0	6.3 sec	44000.0	Diesel	5	400 Nm
Volkswagen	ID.4	Electric	77 kWh	251.5	160.0	7.8 sec	39735.0	Electric	5	310 Nm
Mazda	MX-5 Miata	2.0L SkyActiv-G	2,000 cc	181.0	225.0	6.5 sec	30000.0	Petrol	2	205 Nm
KIA	SPORTAGE 2024(PLUG-IN HYBRID AWD)	I4 + ELECTRIC	1,598 cc / 13.8 kwh	261.0	180.0	7.9 sec	42000.0	Plug-in Hybrid	5	350 Nm
Porsche	911 GT3	4.0L Naturally Aspirated Flat-6	3996 cc	502.0	318.0	3.4	161100.0	Petrol	2	469 Nm
Peugeot	508 GT	Inline-4	1,598 cc	225.0	235.0	6.8 sec	40000.0	Petrol	5	300 Nm
Porsche	Macan Base	2.0L Turbo Inline-4	1984 cc	265.0	232.0	6.4	58000.0	Petrol	5	400 Nm
Tesla	Model Y Long Range	Dual Electric Motors (AWD)	82 kWh	384.0	217.0	4.8 sec	50490.0	Electric	5	559 Nm
Volkswagen	Golf Variant GTD	2.0L Diesel I4	1968 cc	184.0	230.0	7.5 sec	38000.0	Diesel	5	380 Nm
Acura	RDX Hybrid	Inline-4 Hybrid	1,500 cc	247.0	210.0	6.6 sec	50000.0	Hybrid	5	400 Nm
Volkswagen	Golf Variant	1.5L Turbo I4 / 2.0L Diesel I4	1498 cc / 1968 cc	140.0	220.0	7.5 sec	32000.0	Petrol	5	320 Nm
Kia	Sorento LX	2.5L 4-Cylinder	2500 cc	191.0	210.0	8.5 sec	35500.0	Petrol	7	246 Nm
AUDI	S4 SEDAN	V6	2,995 cc	349.0	250.0	4.7 sec	59000.0	Petrol	5	500 Nm
Ford	F-150 Limited	Turbocharged V6	3,500 cc	450.0	190.0	6.1 sec	84910.0	Petrol	5	678 Nm
MERCEDES	BENZ GLE 450	V6	2,996 cc	362.0	250.0	5.5 sec	63000.0	Petrol	5	500 Nm
Volkswagen	Touareg V8	4.0L V8 Turbo Diesel	3956 cc	421.0	250.0	4.9 sec	70000.0	Petrol	5	770 Nm
Tata Motors	Indica V2 Xeta	1.2L MPFI Petrol	1193 cc	65.0	140.0	16 sec	5000.0	Petrol	5	100 Nm
ROLLS ROYCE	CULLINAN RED DIAMOND	V12	6,749 cc	563.0	250.0	5.1 sec	421000.0	Petrol	5	850 Nm
Ford	Puma	Turbocharged Inline-3	1,000 cc	123.0	191.0	9.6 sec	28000.0	Petrol	5	200 Nm
